Day/hour,1,2,3,4,5,6,7,8,9,10,11,12,13,14,15,16,17,18,19,20,21,22,23,24
1,13.05303333,17.78533333,22.90233333,33.90133333,46.66293333,54.62613333,63.21153333,75.63333333,86.46546667,94.32923333,97.10566667,99.37466667,96.71446667,87.89026667,57.02073333,39.85893333,39.11973333,20.79533333,15.49773333,12.56313333,10.72773333,9.816933333,10.72773333,12.42513333
2,14.38473333,14.79183333,16.99413333,21.69833333,25.15843333,29.61293333,33.53893333,36.18143333,38.75013333,54.64293333,74.16603333,89.99093333,94.226,94.10646667,81.05853333,60.71913333,56.77953333,53.06373333,21.28553333,10.32063333,8.837133333,9.554733333,9.961833333,6.458
3,3.04,2.44,2.922666667,3.264,3.24,2.552,2.384,2.32,2.072,1.250666667,1.12,1.248,2.066666667,2.338666667,2.194666667,2.776,3.384,2.664,3.010666667,4.866666667,6.196666667,7.181333333,13.33593333,24.46383333
4,35.78883333,50.03973333,70.20633333,75.57303333,86.10013333,80.2548,80.51053333,77.1312,69.44253333,61.54323333,68.96013333,69.10083333,80.21826667,58.08603333,81.844,75.39213333,49.67013333,38.85093333,65.54313333,48.94773333,47.28453333,74.97003333,83.30533333,90.79466667
5,89.88133333,94.9595,99.44,100,100,100,100,100,99.424,96.0027,99.17576667,98.79543333,95.58433333,92.34733333,95.09533333,97.05676667,96.22003333,82.08146667,63.49293333,49.38453333,46.25973333,52.07253333,69.58323333,88.38346667
6,87.324,87.72586667,93.05973333,95.86143333,80.2,96.22546667,94.56286667,79.94426667,81.49693333,87.30573333,97.8935,99.96333333,100,100,100,100,100,99.886,99.79133333,100,100,100,100,99.71933333
7,100,100,100,99.86666667,72.61833333,41.48853333,67.47273333,41.42133333,33.14633333,28.67673333,8.768133333,0.3744,0.4592,0.4496,7.321333333,14.31573333,15.45473333,6.215333333,6.061333333,4.064,4.614666667,2.549333333,3.527333333,9.575433333
8,20.33093333,25.30943333,65.32203333,96.68186667,60.92013333,85.27813333,56.81973333,48.56133333,70.36713333,67.29183333,48.19173333,33.50873333,35.12443333,27.96703333,61.50303333,80.5288,51.73653333,54.54213333,41.99253333,29.52233333,22.78193333,19.54833333,17.47573333,18.90333333
9,42.74853333,44.21013333,32.24033333,18.41313333,13.99143333,13.05993333,14.26053333,12.08013333,7.764666667,3.574,2.768,4.129333333,7.032,9.920433333,12.33543333,14.39853333,10.12743333,12.30783333,16.70173333,18.44753333,12.12153333,7.260666667,10.61043333,21.73273333
10,29.56763333,28.32943333,31.03233333,48.59493333,38.81733333,53.06373333,49.31733333,43.47093333,36.58913333,22.39493333,17.87133333,16.01373333,16.24593333,19.32473333,19.21293333,18.87753333,17.15753333,10.21023333,8.423133333,7.904666667,7.895333333,9.092433333,11.02443333,10.11363333
11,12.08703333,13.74303333,17.08013333,21.63813333,33.05573333,43.63893333,61.02063333,91.5436,99.116,99.664,100,100,100,100,100,99.39533333,83.67066667,24.61483333,7.228,5.926,10.36203333,18.56793333,23.42693333,64.53813333
12,91.74453333,94.4379,99.56066667,99.98133333,100,100,100,100,100,100,100,97.68703333,89.42466667,99.966,99.74,94.9269,57.54333333,28.37473333,15.43753333,10.23783333,5.482666667,1.76,1.016,0.3472
13,0,0.7264,5.062666667,10.48623333,24.79603333,72.87963333,99.95733333,100,100,100,100,100,100,100,100,100,100,100,99.86066667,99.85466667,96.82313333,81.5152,95.5137,99.26813333
14,99.59333333,96.82856667,100,100,100,100,100,100,100,100,100,99.71133333,99.51933333,96.07333333,51.92133333,20.45993333,8.837133333,2.866666667,1.448,3.384,13.20483333,18.44753333,16.89093333,19.85793333
15,15.08493333,11.44533333,5.818666667,5.748666667,22.48093333,76.29093333,95.45393333,95.99183333,93.9489,72.85953333,34.98853333,21.53493333,17.66493333,13.11513333,16.00513333,13.07373333,19.52253333,17.02853333,15.01263333,5.548,3.269333333,2.032,0.7456,2.528
16,2.344,3.386666667,19.70313333,19.61713333,19.71173333,52.79493333,82.08146667,93.42506667,77.00333333,66.28683333,56.19663333,47.21733333,52.49253333,38.38603333,17.78533333,9.154533333,3.402666667,16.27173333,22.35193333,19.47953333,19.47953333,30.54913333,42.07653333,34.24863333
17,64.92003333,44.74773333,19.50533333,12.68043333,6.752,4.297333333,3.536666667,3.485333333,4.367333333,8.540433333,6.551333333,7.256,11.10723333,19.16133333,31.59103333,33.67483333,48.00693333,58.86993333,63.69393333,68.05563333,64.53813333,85.09546667,86.81253333,97.36646667
18,100,100,100,100,100,100,100,100,100,100,100,100,100,100,100,99.742,97.4208,90.64853333,93.99236667,97.96413333,89.4064,78.04453333,57.86493333,45.50373333
19,60.09603333,52.61013333,25.74733333,16.77053333,10.78293333,5.468666667,7.816,7.064666667,10.32753333,22.93673333,53.97093333,87.47013333,98.42053333,100,99.48866667,98.79,98.79,99.354,96.37216667,99.362,99.652,99.30616667,99.2301,96.61666667
20,99.384,100,100,100,100,99.78,97.5023,99.594,99.72666667,100,99.93133333,100,99.86466667,100,100,100,99.758,100,100,100,100,100,100,100
21,100,100,99.60933333,98.71393333,99.52733333,99.41466667,99.432,99.56333333,99.46533333,99.36733333,98.77913333,98.68133333,85.4608,53.48373333,34.53553333,22.34333333,6.696,4.264666667,2.194666667,1.314666667,1.736,3.258666667,6.658666667,10.32753333
22,16.93393333,19.25593333,23.00553333,31.37963333,52.87893333,78.15413333,99.48866667,100,100,100,100,99.42266667,99.68066667,100,100,100,88.968,88.93146667,95.41046667,95.91033333,95.56803333,97.00786667,97.2741,97.93153333
23,100,100,100,100,100,100,100,100,100,100,100,100,100,100,100,100,100,98.09996667,95.60606667,99.43933333,99.59466667,99.60533333,99.85533333,99.89133333
24,100,100,100,100,100,100,100,100,100,100,100,100,97.62183333,94.18796667,96.0353,95.03013333,53.68533333,56.85993333,58.58853333,46.93173333,28.48043333,23.46993333,25.08293333,25.29433333
25,44.68053333,61.58343333,74.10573333,95.60606667,99.45066667,99.65,99.37333333,97.52946667,98.19776667,94.4868,81.844,68.77923333,65.54313333,26.42683333,34.67143333,41.06853333,9.361533333,5.94,7.522,7.615333333,7.62,5.282,3.788666667,3.616
26,4.871333333,1.570666667,0,0,2.234666667,7.018,15.06773333,30.06593333,33.10103333,31.78733333,49.65333333,73.64343333,94.3727,97.61096667,76.51013333,64.05573333,33.67483333,31.69673333,25.68693333,20.20193333,15.67833333,14.59863333,13.25313333,10.01013333
27,6.635333333,7.330666667,9.237333333,14.57793333,16.48673333,21.30273333,32.17993333,37.04213333,35.09423333,31.10783333,36.69483333,43.16853333,42.63093333,37.38943333,30.33773333,24.58463333,22.17133333,3.779333333,2.266666667,1.84,4.320666667,11.64543333,22.82493333,47.97333333
28,71.57313333,85.22333333,99.34466667,100,100,100,100,100,100,100,100,100,100,100,100,100,100,100,100,100,100,100,100,100
29,100,99.60933333,96.33956667,49.36773333,11.31423333,2.298666667,0.6464,13.23933333,100,100,100,99.06166667,100,100,100,100,100,100,100,100,100,100,100,100
30,100,100,100,100,100,100,100,100,100,100,99.62666667,99.52733333,100,96.43736667,52.67733333,41.05173333,23.31513333,13.81893333,9.140733333,5.426666667,1.736,1.464,7.144,12.90123333
31,45.58773333,89.66213333,99.786,99.9,99.91533333,100,100,100,100,99.66933333,98.29556667,98.06736667,97.9913,98.37706667,99.83333333,99.536,69.60333333,50.87973333,55.51653333,69.44253333,77.25906667,98.5944,100,66.76923333
32,95.60606667,100,100,100,100,100,100,100,100,100,100,100,100,100,100,100,100,100,100,100,100,100,99.76133333,99.642
33,99.39866667,97.01873333,95.49196667,97.70876667,97.26323333,95.4159,87.19613333,81.55173333,73.68363333,69.66363333,70.76913333,74.46753333,70.54803333,67.69383333,55.59363333,38.73333333,16.40933333,8.733633333,4.796666667,3.088,2.885333333,2.912,1.725333333,0.917333333
34,1.373333333,6.822,3.461333333,2.877333333,6.518666667,25.61143333,50.86293333,28.97873333,9.078633333,1.757333333,1.461333333,2.208,7.153333333,14.52273333,16.45233333,20.15893333,12.11463333,21.25113333,30.86623333,38.20483333,35.90963333,30.89643333,31.66653333,19.66013333
35,24.44873333,34.46003333,37.72163333,88.71226667,98.51833333,99.64533333,99.586,99.44133333,100,100,100,96.31783333,100,99.93666667,97.60553333,79.52413333,99.526,99.42133333,99.408,99.77533333,100,100,100,99.57
36,100,100,99.36933333,96.35043333,97.79026667,97.40993333,93.6808,85.6252,89.36986667,94.68783333,96.5406,83.94466667,54.32373333,48.64533333,39.53973333,43.28613333,12.59763333,5.664666667,7.643333333,6.588666667,11.50743333,16.85653333,26.10973333,39.80853333
37,58.60863333,70.20633333,81.09506667,99.42,97.40993333,95.3181,93.22413333,93.60773333,86.75773333,71.99523333,25.30943333,89.20546667,100,100,100,100,73.96503333,90.41106667,95.6115,95.51913333,91.8724,76.912,62.97033333,61.58343333
38,76.60146667,95.64953333,98.2032,99.57533333,97.13283333,76.29093333,52.99653333,55.38213333,54.47493333,53.09733333,56.51823333,62.10603333,45.60453333,36.09083333,30.70013333,33.56913333,12.82533333,17.75093333,19.80633333,18.25833333,17.12313333,20.09013333,27.39323333,26.60803333
39,42.26133333,50.10693333,55.44933333,44.02533333,36.90623333,39.90933333,47.93973333,50.57733333,45.57093333,44.78133333,52.86213333,46.04133333,64.53813333,78.7752,97.54576667,99.82333333,54.37413333,54.05493333,51.03093333,40.69893333,30.82093333,23.24633333,17.51013333,16.02233333
40,14.66763333,9.085533333,2.914666667,0.2056,0.4984,1.450666667,2.090666667,8.264433333,21.16513333,36.75523333,63.63363333,94.52483333,99.826,100,100,100,99.60666667,96.28523333,96.26893333,94.54113333,94.70956667,90.19186667,85.38773333,83.50626667
41,96.35043333,100,100,100,100,100,100,100,96.54603333,100,100,100,100,100,100,94.93233333,16.09113333,9.347733333,5.258666667,1.2,0.1784,0,0,0.46
42,2.906666667,9.120033333,15.81593333,24.90173333,40.27893333,54.20613333,54.67653333,23.90513333,4.362666667,0.4656,2.234666667,53.11413333,63.25173333,84.6936,96.60036667,75.96213333,14.46063333,14.35023333,13.26693333,14.24673333,17.93153333,18.06913333,20.50293333,28.75223333
43,48.14133333,98.79543333,99.99333333,99.94266667,100,100,100,100,99.556,99.72666667,99.91466667,100,100,100,100,99.66733333,76.5832,86.9952,97.39906667,99.65,100,100,100,100
44,100,100,100,100,100,100,100,100,100,43.00053333,38.09913333,100,100,100,99.70133333,88.98626667,40.24533333,15.71273333,12.77013333,6.57,0.6488,0.1856,1.437333333,4.012666667
45,11.64543333,22.69593333,19.72893333,8.595633333,43.79013333,99.42733333,90.92253333,90.7764,86.2828,27.03083333,61.20153333,71.93493333,57.34233333,64.25673333,45.95733333,21.65533333,5.324,0.7664,5.972666667,16.71033333,33.31243333,48.64533333,61.10103333,83.8168
46,93.90543333,99.70133333,100,100,100,100,100,100,99.12143333,99.48333333,99.39,100,100,100,99.42066667,67.07073333,41.13573333,45.52053333,36.09083333,16.52973333,10.19643333,4.712666667,1.058666667,1.464
47,7.727333333,19.96973333,37.72163333,62.76933333,96.79596667,100,100,100,100,100,100,100,100,100,100,100,77.8984,83.03133333,88.38346667,84.73013333,78.81173333,89.00453333,95.19856667,99.33533333
48,99.41733333,100,100,100,100,100,100,100,100,100,100,100,99.78533333,99.37133333,99.46533333,99.89466667,99.55266667,94.26403333,94.61176667,99.57066667,100,100,100,100
49,100,100,100,100,100,100,100,100,100,100,100,100,100,98.23036667,98.5944,73.58313333,26.66843333,3.569333333,0.7424,0.268,6.084666667,16.05673333,19.80633333,37.82733333
50,59.55333333,88.7488,96.4428,77.53306667,40.21173333,50.89653333,57.10113333,86.75773333,94.43246667,84.07253333,90.63026667,95.55173333,98.55093333,98.0891,97.812,97.08393333,60.35733333,26.27583333,15.31713333,6.458,3.101333333,4.806,9.478833333,10.72083333
51,16.39213333,9.492633333,5.128,3.863333333,3.49,8.678433333,5.188666667,17.25213333,40.53093333,52.08933333,57.74433333,81.69786667,99.59666667,99.63733333,100,99.38066667,99.34866667,99.42666667,99.388,98.40966667,95.16053333,88.40173333,75.29163333,65.32203333
52,61.62363333,77.00333333,94.43246667,94.30206667,82.9948,58.30713333,41.92533333,38.44643333,35.33583333,35.77373333,41.87493333,52.05573333,50.00613333,44.54613333,44.00853333,32.13463333,35.33583333,41.52213333,40.09413333,42.44613333,36.43813333,23.48713333,16.98553333,32.79903333
53,34.73183333,23.75413333,46.00773333,38.34073333,37.91793333,18.62813333,3.653333333,16.02233333,17.47573333,23.32373333,18.00893333,37.94813333,90.59373333,96.93723333,99.57933333,98.0891,82.8852,91.708,67.85463333,69.16113333,78.282,72.65853333,91.8724,99.84666667
54,100,99.726,97.7142,99.36666667,100,100,99.506,98.14886667,99.60666667,100,100,100,100,100,100,100,74.46753333,38.23503333,26.57783333,25.35473333,25.30943333,34.42983333,31.71183333,49.21653333
55,56.88003333,53.56773333,52.91253333,30.73033333,28.38983333,55.18053333,86.70293333,100,100,99.976,96.8177,92.0368,72.71883333,69.76413333,71.43243333,37.72163333,42.17733333,25.92853333,13.88793333,7.657333333,3.24,1.941333333,0.845333333,0.7456
56,0.74,0.692,3.527333333,9.258033333,16.07393333,37.70653333,65.46273333,87.74413333,99.35733333,99.578,99.976,99.91,99.9,99.91266667,99.746,96.64383333,57.88503333,62.62863333,59.65383333,49.78773333,40.02693333,25.03763333,14.64003333,7.078666667
57,1.677333333,2.472,13.19103333,28.42003333,28.25393333,22.98833333,20.71793333,19.35053333,26.48723333,39.79173333,65.88483333,86.70293333,96.2961,99.986,100,100,82.02666667,81.88053333,91.9272,96.42106667,96.81226667,99.40533333,99.784,99.67866667
58,100,100,100,100,100,100,100,100,100,100,100,99.682,99.706,100,100,100,76.21786667,98.12713333,99.37733333,91.56186667,68.59833333,52.45893333,28.73713333,17.53593333
59,23.89003333,23.08293333,22.01653333,34.08253333,45.62133333,48.24213333,63.49293333,78.97613333,80.8576,88.54786667,93.86346667,99.424,99.99733333,100,100,100,81.57,89.58906667,97.2252,99.28443333,98.21406667,97.06763333,99.39733333,94.34553333
60,78.84826667,93.77213333,100,100,100,99.862,100,100,100,100,99.516,100,100,99.75666667,100,96.70903333,85.71653333,49.43493333,20.94153333,6.444,1.336,0.6456,3.272,11.12793333
61,20.85553333,32.85943333,35.39623333,78.51946667,99.61,99.854,100,100,100,100,100,100,100,100,100,99.856,94.75303333,78.24546667,85.38773333,99.722,99.93066667,100,100,100
62,100,100,100,100,100,100,100,100,100,100,100,100,100,100,100,89.99093333,78.04453333,53.31573333,34.98853333,14.61243333,6.346,0.6376,0,0.7776
63,3.774666667,4.12,9.092433333,24.43363333,63.43263333,97.02416667,100,100,100,100,100,100,100,100,100,99.98,96.55146667,96.86116667,99.53733333,97.54033333,85.2964,60.57843333,45.38613333,26.36643333
64,34.24863333,94.4705,56.88003333,22.95393333,100,100,100,100,100,100,99.98133333,99.82866667,99.37466667,96.06246667,93.27893333,32.01383333,23.16033333,28.54083333,36.86093333,44.76453333,56.47803333,70.97013333,93.7356,99.602
65,100,99.95333333,100,100,100,100,100,100,100,100,100,100,100,100,99.66933333,95.36156667,86.8308,62.26683333,84.71186667,99.55133333,100,100,100,100
66,100,99.63933333,100,100,100,100,100,100,100,100,100,100,100,100,100,94.07386667,80.51053333,94.25316667,73.30173333,70.62843333,83.8168,88.40173333,94.55743333,94.31836667
67,90.5572,94.17166667,99.65933333,73.20123333,78.31853333,83.68893333,83.30533333,56.73933333,32.60273333,15.20533333,7.027333333,5.370666667,14.15013333,37.57063333,69.88473333,71.95503333,3.91,9.858333333,2.784,0.3736,0.0304,0.5416,0.3072,4.736
68,11.55573333,6.770666667,12.30783333,5.254,29.43173333,26.69863333,33.59933333,34.18823333,28.54083333,23.98063333,55.29813333,47.85573333,20.64913333,13.21173333,7.694666667,12.12153333,2.026666667,2.872,1.277333333,1.690666667,0.6312,5.916666667,9.037233333,2.04
69,0.989333333,4.096666667,5.291333333,5.244666667,18.63673333,11.91453333,19.62573333,24.08633333,20.12453333,12.40443333,7.918666667,3.098666667,8.830233333,16.34913333,17.82833333,23.16893333,16.85653333,47.09973333,52.22373333,48.59493333,50.76213333,43.85733333,41.01813333,35.86433333
70,37.90283333,48.61173333,56.41773333,74.10573333,57.24183333,46.49493333,45.73893333,43.11813333,38.26523333,25.97383333,19.38493333,12.78393333,11.45913333,10.38273333,12.95643333,5.384666667,5.632,8.035333333,11.30733333,13.38423333,11.14173333,11.03133333,8.802633333,10.53453333
71,12.00423333,20.07293333,8.236833333,12.57003333,17.87133333,23.78433333,27.36303333,16.14273333,41.47173333,40.39653333,34.68653333,27.87643333,26.00403333,27.89153333,32.52723333,35.13953333,25.80773333,35.54723333,34.11273333,39.17013333,69.32193333,85.60693333,94.49766667,96.41563333
72,94.39986667,99.76466667,12.33543333,2.218666667,89.16893333,99.702,59.95533333,99.83,57.52323333,65.90493333,79.14053333,100,100,100,100,100,100,99.88333333,93.31546667,81.27773333,59.19153333,34.53553333,33.90133333,30.59443333
73,25.41513333,14.00523333,12.31473333,99.83933333,100,100,100,100,100,100,100,100,100,100,100,100,100,100,100,100,100,100,100,100
74,100,100,100,100,100,100,100,100,100,100,100,100,100,100,100,100,100,98.74653333,96.5243,84.62053333,96.8829,99.358,92.23773333,73.68363333
75,15.73853333,20.35673333,17.01993333,5.893333333,13.82583333,4.428,0.6088,8.305833333,18.84313333,22.30893333,19.07533333,16.79633333,25.86813333,23.19473333,18.28413333,20.61473333,8.954433333,19.88373333,46.94853333,48.19173333,31.22863333,13.36353333,8.278233333,6.57
76,10.08603333,68.17623333,95.7908,92.53,100,100,100,100,99.90266667,99.13773333,99.78733333,99.622,46.88133333,17.63053333,14.72283333,3.341333333,3.082666667,4.591333333,3.672,6.612,7.438,12.93573333,20.65773333,26.36643333
77,29.29583333,36.45323333,46.29333333,93.37026667,95.89403333,100,100,100,61.40253333,100,100,100,100,100,100,100,100,100,99.79133333,95.76906667,78.08106667,73.74393333,73.70373333,85.27813333
78,97.5186,99.57133333,99.59,99.21923333,98.79,94.0793,74.18613333,52.22373333,46.51173333,47.62053333,46.67973333,44.22693333,61.44273333,52.08933333,59.21163333,30.74543333,29.77903333,27.80093333,23.75413333,15.53213333,12.45273333,8.243733333,8.726733333,9.906633333
79,13.26693333,24.99233333,73.28163333,94.91603333,93.94346667,94.2912,92.65786667,97.91523333,84.12733333,59.81463333,27.39323333,22.98833333,12.11463333,4.512,1.818666667,0.1488,1.074666667,6.108,12.39753333,16.63293333,16.93393333,17.52733333,18.65393333,21.71553333
80,35.09423333,65.24163333,81.71613333,99.58866667,100,100,100,100,100,100,100,100,100,100,100,100,100,100,100,100,100,100,100,100
81,100,100,100,100,100,100,100,100,100,100,100,100,100,100,100,96.43736667,90.37453333,96.09506667,100,100,100,100,100,100
82,100,100,100,100,100,100,100,100,100,100,100,100,100,100,100,100,100,100,100,100,100,100,100,100
83,100,100,100,100,100,100,100,100,100,100,100,100,100,100,96.61666667,97.8935,87.90853333,63.17133333,43.50453333,21.42313333,10.99683333,6.070666667,5.207333333,5.31
84,10.82433333,7.097333333,7.788,12.94263333,38.50683333,75.7612,92.78573333,99.61533333,100,100,100,100,100,100,100,99.60066667,99.50333333,98.50746667,97.39363333,86.41066667,73.06053333,72.61833333,85.47906667,83.52453333
85,91.36093333,93.86346667,59.63373333,24.05613333,69.86463333,60.61863333,99.96333333,98.94756667,99.55933333,100,99.866,99.94333333,100,99.87666667,89.86306667,92.45693333,69.30183333,39.06933333,16.12553333,12.07323333,9.858333333,11.29353333,24.22223333,55.65393333
86,95.5952,23.36673333,100,100,100,100,100,100,100,100,99.99933333,99.538,97.2089,97.28496667,74.40723333,58.22673333,42.73173333,32.11953333,22.52393333,13.63953333,5.860666667,1.906666667,0.1992,0.0424
87,2.186666667,13.31523333,34.12783333,51.01413333,95.40503333,99.692,100,100,100,100,100,100,100,100,99.428,95.12793333,99.34933333,99.33333333,98.35533333,97.55663333,99.1649,99.45333333,99.876,100
88,100,100,100,100,100,100,100,100,100,100,100,100,99.84866667,97.52403333,93.94346667,79.45106667,71.11083333,76.16306667,81.1864,96.90463333,99.918,100,100,100
89,100,100,100,100,100,100,100,100,100,100,99.814,96.77966667,93.95433333,95.2529,93.58946667,60.09603333,52.22373333,63.07083333,59.51313333,93.86346667,100,100,100,100
90,100,100,100,100,100,100,100,100,99.684,99.486,97.27953333,91.41573333,82.42853333,84.21866667,63.03063333,46.66293333,29.74883333,18.30993333,9.630633333,6.560666667,7.452,6.71,5.165333333,3.117333333
91,4.008,13.14963333,38.71823333,65.24163333,70.16613333,100,99.83,99.48666667,80.71146667,40.56453333,36.75523333,33.40303333,12.92193333,7.596666667,5.538666667,5.515333333,5.674,6.122,3.886666667,2.349333333,0.6272,0.4648,4.801333333,4.885333333
92,11.32113333,28.72203333,40.85013333,50.20773333,34.52043333,43.92453333,50.12373333,51.16533333,41.90853333,58.46793333,59.65383333,67.27173333,73.16103333,78.97613333,81.6796,20.68353333,25.24903333,20.08153333,18.44753333,17.63913333,16.53833333,13.61193333,11.82483333,11.74893333
93,8.326533333,6.406666667,6.486,10.51383333,78.48293333,97.1763,100,100,100,100,100,100,100,100,100,79.52413333,88.7488,97.3556,97.55663333,93.95433333,80.5288,81.66133333,80.51053333,63.71403333
94,64.43763333,65.18133333,71.79423333,62.97033333,59.87493333,44.04213333,39.05253333,23.54733333,3.690666667,1.328,0.4024,3.018666667,16.97693333,37.64613333,56.49813333,15.86753333,15.71273333,46.93173333,46.91493333,34.18823333,20.24493333,15.73853333,14.19843333,19.22153333
95,22.25733333,54.97893333,64.75923333,63.43263333,59.65383333,83.8168,99.532,100,100,100,100,100,100,100,100,99.928,99.54,100,100,100,100,100,100,100
96,100,100,100,100,100,100,100,100,100,100,100,100,100,99.89133333,79.14053333,29.09953333,35.95493333,35.10933333,25.61143333,34.17313333,44.31093333,44.07573333,46.19253333,40.83333333
97,30.17163333,43.40373333,79.50586667,99.21923333,100,100,100,100,100,100,88.82186667,96.61123333,96.9644,98.74653333,100,78.86653333,94.226,96.28523333,94.70413333,90.53893333,82.59293333,75.33183333,69.34203333,77.5696
98,78.1176,80.76626667,88.82186667,94.98123333,92.21946667,96.76336667,94.10103333,80.78453333,83.30533333,83.56106667,42.64773333,45.40293333,37.29883333,40.11093333,30.95683333,16.73613333,29.62803333,51.46773333,31.83263333,46.96533333,36.13613333,48.19173333,29.28073333,36.86093333
99,53.24853333,47.18373333,79.72506667,93.80866667,96.51343333,94.04126667,81.53346667,90.63026667,72.57813333,68.67873333,50.14053333,55.53333333,75.83426667,80.21826667,91.45226667,70.56813333,96.4428,98.81173333,97.93696667,94.41073333,96.42106667,96.88833333,99.54733333,99.888
100,100,99.67733333,100,100,100,100,100,100,100,100,100,100,100,100,99.38733333,22.79053333,20.95873333,16.32333333,7.564,4.124666667,2.986666667,2.232,1.130666667,0.284
101,0.7608,18.06913333,33.50873333,2.92,0,0,13.37733333,5.66,1.736,0.7736,9.147633333,6.994666667,13.50153333,23.34953333,59.13123333,38.93493333,55.97553333,78.8848,80.16346667,87.4336,85.99053333,73.50273333,57.04083333,54.59253333
102,55.28133333,55.55343333,42.14373333,36.57403333,24.46383333,23.28933333,13.41873333,11.87313333,11.18313333,7.046,5.440666667,4.129333333,9.230433333,8.160933333,4.885333333,7.018,4.031333333,5.1,7.382,11.38323333,30.15653333,14.46063333,21.19953333,19.11833333
103,67.07073333,75.23133333,44.64693333,23.34953333,41.01813333,30.30753333,28.14823333,17.97453333,18.56793333,20.76093333,24.44873333,30.41323333,38.91813333,19.55693333,23.40973333,17.61333333,12.24573333,9.120033333,2.512,0.5456,0.2632,0.0608,0.7168,1.018666667
104,0.5608,8.823333333,24.35813333,32.91983333,58.86993333,79.7068,95.78536667,99.684,100,98.07823333,99.31703333,99.55733333,99.864,99.464,78.8848,50.71173333,80.18173333,91.68973333,85.5156,81.88053333,84.32826667,87.7624,93.95433333,97.56206667
105,99.59733333,100,100,100,100,100,100,100,100,100,100,100,100,100,100,100,100,100,100,100,100,100,100,100
106,99.81333333,100,100,100,99.83133333,100,100,100,100,100,100,100,100,99.87533333,99.54133333,99.96066667,99.34,69.84453333,77.60613333,81.16813333,100,100,99.626,98.13256667
107,97.4045,90.97733333,64.37733333,13.17723333,13.63953333,32.55743333,87.1596,76.09,99.496,95.36156667,91.5984,99.36933333,98.96386667,96.4754,93.92173333,98.54006667,77.9532,59.65383333,55.49973333,51.43413333,37.02703333,23.67863333,10.63803333,16.96833333
108,44.81493333,58.46793333,48.17493333,42.32853333,46.56213333,96.86116667,98.37163333,99.70533333,99.79733333,99.98933333,99.944,99.50666667,95.9049,89.16893333,60.61863333,64.25673333,41.65653333,18.02613333,11.92833333,7.097333333,8.478333333,8.077333333,8.395533333,19.42793333
109,50.37573333,80.87586667,97.21433333,87.41533333,57.90513333,94.46506667,99.22466667,99.69333333,99.96133333,77.14946667,63.83463333,45.23493333,26.95533333,25.14333333,14.64003333,4.493333333,2.314666667,2.477333333,0.7336,61.46283333,10.43793333,4.306666667,34.52043333,29.37133333
110,20.69213333,76.71106667,77.0764,53.83653333,45.10053333,59.95533333,45.87333333,21.71553333,15.62673333,13.52223333,1.824,0.136,0.4408,1.426666667,2.090666667,5.230666667,12.17673333,12.70113333,14.98503333,29.50723333,36.07573333,39.32133333,10.97613333,0.4296
111,0.6688,23.96553333,7.666666667,40.01013333,31.86283333,34.67143333,20.58893333,18.92053333,19.17853333,18.68833333,16.52113333,12.86673333,9.651333333,14.45373333,18.00033333,6.528,6.938666667,5.016,4.866666667,5.249333333,7.764666667,8.975133333,14.06733333,12.18363333
112,10.34823333,13.86033333,4.988,7.568666667,22.00793333,28.48043333,39.03573333,30.45853333,22.10253333,13.99143333,11.43843333,7.942,5.422,3.290666667,2.456,2.813333333,4.162,6.691333333,7.83,10.85193333,9.520233333,11.14863333,12.30783333,14.51583333
113,22.24873333,48.77973333,92.16466667,98.78456667,100,100,100,100,100,100,100,100,100,100,99.49933333,98.39336667,99.34133333,99.828,99.95666667,100,100,100,100,100
114,100,99.89333333,99.43133333,100,100,100,100,100,100,100,99.98333333,99.61266667,99.52133333,95.06816667,80.89413333,52.12293333,44.69733333,57.88503333,85.49733333,87.7624,95.68756667,99.386,99.666,99.712
115,98.33903333,95.45393333,94.18253333,95.37243333,72.31683333,69.08073333,99.37733333,99.90933333,99.38133333,81.22293333,56.13633333,48.25893333,46.83093333,34.12783333,6.280666667,0,0.0512,2.36,19.84933333,37.67633333,58.80963333,67.51293333,85.49733333,95.47023333
116,99.1812,99.43333333,100,100,100,99.89933333,99.842,100,100,100,100,99.64133333,94.50853333,94.41616667,66.46773333,42.66453333,25.65673333,24.76583333,30.77563333,46.37733333,91.45226667,96.23633333,99.37333333,100
117,100,99.75666667,98.9204,96.46996667,98.3825,99.80466667,99.71733333,100,100,100,99.99533333,99.87,100,99.718,62.30703333,31.10783333,21.70693333,10.85193333,2.258666667,0.3416,2.456,3.49,9.106233333,13.19103333
118,16.64153333,9.106233333,21.04473333,52.25733333,100,100,100,100,99.346,96.0516,98.05106667,98.48573333,99.89933333,100,96.32326667,95.48653333,95.7908,95.91033333,96.0516,99.73266667,100,100,100,99.96333333
119,76.71106667,100,99.468,100,100,99.874,76.5832,81.0768,41.62293333,28.57103333,46.46133333,48.94773333,44.34453333,60.17643333,58.04583333,28.04253333,9.409833333,5.426666667,1.733333333,1.648,4.213333333,18.78293333,48.37653333,83.63413333
120,90.13706667,49.43493333,55.33173333,26.33623333,52.07253333,84.29173333,73.46253333,73.94493333,94.226,94.31836667,65.66373333,39.00213333,33.55403333,23.79943333,10.51383333,10.83123333,5.725333333,2.92,0.7088,0.1552,0,0.1792,0.5416,2.592
121,12.00423333,36.30223333,75.21123333,95.89403333,80.2548,100,100,100,99.60133333,82.9948,99.414,99.39066667,99.9,99.672,100,70.30683333,99.54866667,92.10986667,94.70956667,94.31836667,75.72466667,54.82773333,62.38743333,65.92503333
122,45.23493333,27.78583333,20.49433333,31.72693333,42.47973333,50.98053333,42.89973333,50.10693333,47.03253333,41.37093333,51.56853333,48.27573333,53.24853333,42.19413333,23.27213333,9.948033333,14.93673333,19.07533333,14.91603333,13.20483333,11.14173333,9.892833333,6.406666667,3.942666667
123,2.192,2.586666667,2.224,2.312,5.198,17.32093333,38.37093333,43.38693333,30.18673333,29.43173333,28.67673333,33.23693333,43.84053333,44.91573333,13.45323333,4.591333333,9.513333333,10.34823333,10.29993333,20.29653333,17.78533333,12.58383333,55.97553333,52.71093333
124,65.18133333,53.61813333,36.15123333,14.72973333,12.11463333,9.368433333,2.048,2.56,5.417333333,7.643333333,22.12833333,71.17113333,91.58013333,92.12813333,83.01306667,24.46383333,32.61783333,29.40153333,21.24253333,15.51493333,10.28613333,6.066,3.989333333,2.610666667
125,0.874666667,0,0.7392,4.465333333,11.95593333,23.90513333,53.93733333,54.50853333,54.47493333,48.27573333,47.73813333,43.99173333,48.07413333,42.64773333,27.42343333,7.2,10.52763333,20.20193333,16.91673333,14.39853333,12.63903333,12.89433333,14.05353333,17.93153333
126,22.69593333,49.43493333,72.21633333,98.16516667,100,100,100,100,100,100,100,100,100,100,76.8024,61.76433333,91.28786667,95.7582,99.46,99.74333333,100,100,100,100
127,100,100,100,100,100,100,100,100,100,100,99.984,99.652,96.66556667,82.30066667,62.36733333,90.24666667,81.91706667,60.94023333,57.30213333,64.57833333,89.22373333,64.03563333,72.96003333,94.45963333
128,100,99.536,99.70466667,100,100,53.24853333,56.19663333,49.68693333,44.84853333,98.09996667,99.986,97.06763333,80.8576,74.86953333,43.33653333,41.43813333,63.93513333,98.80086667,100,100,100,100,100,100
129,100,100,99.428,97.6164,99.60733333,99.676,100,100,100,100,100,100,100,100,98.45856667,99.93733333,100,100,100,100,100,100,100,100
130,99.554,80.748,72.29673333,23.36673333,5.114,13.41873333,42.68133333,41.03493333,25.55103333,29.38643333,69.42243333,99.78266667,99.43,99.47066667,42.95013333,28.64653333,33.16143333,38.93493333,47.68773333,54.42453333,71.49273333,89.44293333,90.30146667,90.63026667
131,96.45366667,74.92983333,99.46333333,99.83933333,82.3372,100,97.4697,92.84053333,49.90533333,59.59353333,99.808,100,100,100,99.506,95.3996,53.93733333,36.03043333,21.46613333,15.23973333,10.72083333,8.292033333,8.202333333,13.37733333
132,9.299433333,30.77563333,99.42533333,98.05106667,98.40966667,74.92983333,99.36,91.25133333,80.12693333,94.5846,81.53346667,74.06553333,41.84133333,44.83173333,23.26353333,26.89493333,22.27453333,16.22873333,11.05893333,8.650833333,5.977333333,3.658,5.790666667,5.263333333
133,7.223333333,15.05913333,35.09423333,57.84483333,95.5952,99.42266667,99.758,99.78,99.51266667,99.51933333,99.67466667,99.67266667,94.1934,95.5463,56.11623333,82.15453333,92.8588,78.8848,77.66093333,72.51783333,61.20153333,79.926,25.46043333,11.63163333
134,5.300666667,12.03183333,0.7072,45.15093333,33.82583333,92.54826667,94.12276667,96.66556667,90.612,100,99.91333333,99.89133333,99.606,99.36333333,97.93153333,79.83466667,57.10113333,28.01233333,17.64773333,10.01013333,5.874666667,4.031333333,4.372,4.456
135,3.914666667,5.734666667,7.475333333,18.87753333,19.42793333,19.55693333,25.03763333,25.05273333,55.69413333,59.31213333,74.40723333,61.48293333,53.41653333,39.82533333,44.83173333,38.49173333,41.57253333,27.34793333,33.10103333,20.62333333,39.53973333,63.03063333,68.45763333,66.22653333
136,63.57333333,63.71403333,80.07213333,91.01386667,96.02443333,94.99753333,82.41026667,76.5832,71.79423333,34.00703333,43.62213333,54.94533333,74.34693333,69.86463333,56.83983333,44.61333333,45.68853333,64.79943333,77.93493333,69.16113333,79.08573333,92.05506667,99.78866667,67.85463333
137,71.51283333,24.49403333,10.44483333,26.69863333,99.64333333,99.90666667,100,100,100,99.786,99.77666667,99.74066667,99.93066667,99.46333333,99.85266667,99.37,99.72733333,100,99.948,99.92066667,99.656,99.72133333,95.7419,59.01063333
138,45.21813333,57.50313333,62.95023333,59.71413333,38.90133333,36.04553333,39.05253333,28.37473333,33.56913333,25.53593333,18.63673333,15.48053333,19.52253333,13.93623333,17.80253333,17.32953333,17.15753333,12.43893333,18.00893333,41.18613333,46.66293333,26.77413333,15.01953333,24.04103333
139,22.26593333,19.56553333,7.918666667,9.906633333,14.33643333,16.82213333,33.76543333,34.82243333,19.42793333,19.63433333,11.83173333,4.507333333,5.576,18.49913333,1.994666667,4.530666667,4.208666667,4.745333333,1.664,0,1.68,12.47343333,25.98893333,33.29733333
140,30.65483333,66.28683333,79.17706667,90.63026667,96.5895,99.30616667,88.89493333,99.34,96.99156667,99.36533333,99.42333333,98.3988,99.376,98.5455,93.5164,79.8712,75.21123333,75.90733333,76.61973333,71.83443333,65.92503333,62.88993333,63.37233333,66.76923333
141,62.66883333,55.93533333,90.86773333,99.922,100,100,100,100,100,100,100,99.99666667,100,98.96386667,86.31933333,60.75933333,56.94033333,63.09093333,72.65853333,84.78493333,94.49223333,97.4208,98.68133333,99.74333333
142,96.44823333,99.36733333,99.41466667,100,100,100,100,99.98066667,99.1649,98.07823333,99.34333333,97.3719,95.17683333,95.82883333,99.88533333,99.96333333,98.9693,98.81716667,94.52483333,85.33293333,53.08053333,63.01053333,67.83453333,99.34866667
143,84.78493333,77.5696,68.96013333,100,100,99.63666667,99.718,100,100,100,98.78456667,91.12346667,29.88473333,20.74373333,34.58083333,34.50533333,36.33243333,40.61493333,43.20213333,63.13113333,72.39723333,72.33693333,81.58826667,91.89066667
144,78.08106667,84.858,100,100,100,100,100,100,100,100,100,99.50133333,99.45,99.57266667,72.05553333,79.14053333,94.29663333,79.03093333,59.01063333,60.81963333,61.08093333,51.97173333,96.4265,97.62183333
145,99.39266667,97.2578,98.26296667,100,100,100,100,100,100,100,100,100,100,98.62156667,45.53733333,20.58033333,33.17653333,35.38113333,32.93493333,32.45173333,48.09093333,78.37333333,69.40233333,74.24643333
146,94.54113333,70.42743333,67.23153333,99.17576667,100,100,100,98.01846667,100,100,99.72733333,99.614,100,100,52.20693333,82.51986667,99.512,99.04536667,97.42623333,99.35133333,99.93333333,100,100,100
147,100,100,100,100,100,100,100,100,100,100,100,99.69133333,88.01813333,38.47663333,11.69373333,8.719833333,13.20483333,35.81903333,55.11333333,85.09546667,99.53466667,99.33933333,68.17623333,54.62613333
148,19.78913333,5.678666667,12.92883333,17.77673333,11.04513333,5.482666667,10.66563333,13.92933333,24.78093333,48.69573333,54.72693333,35.32073333,28.20863333,22.08533333,7.694666667,7.386666667,7.960666667,6.038,4.628666667,13.03233333,21.70693333,17.84553333,20.58893333,19.29893333
149,18.59373333,20.57173333,69.46263333,100,100,100,100,100,100,99.79,99.67266667,99.39133333,99.36666667,81.31426667,59.67393333,83.67066667,69.36213333,60.37743333,53.71893333,33.10103333,48.25893333,26.65333333,15.67833333,10.54143333
150,11.95593333,99.07796667,48.67893333,96.77966667,76.12653333,56.67903333,99.95066667,99.81066667,90.21013333,25.12823333,25.71713333,80.32786667,21.94773333,10.69323333,11.69373333,27.42343333,47.72133333,37.76693333,12.36303333,16.30613333,38.26523333,39.37173333,55.07973333,25.08293333
151,53.88693333,97.9587,60.83973333,40.41333333,63.21153333,99.67466667,99.89733333,54.82773333,53.76933333,94.75303333,94.04126667,96.64926667,60.49803333,10.08603333,8.154033333,20.23633333,17.82833333,8.124,4.656666667,2.858666667,1.744,38.08403333,15.85893333,18.84313333
152,23.66353333,12.79773333,14.23983333,18.18953333,56.79963333,85.2964,8.519733333,53.23173333,22.61853333,13.35663333,13.52913333,13.87413333,14.22603333,16.03953333,10.41723333,8.802633333,38.40113333,40.22853333,56.29713333,89.16893333,63.53313333,52.79493333,50.07333333,19.92673333
153,20.76093333,12.76323333,9.465033333,9.678933333,7.405333333,6.262,1.578666667,2.573333333,11.19003333,33.49363333,66.46773333,71.87463333,90.2832,71.43243333,69.46263333,52.34133333,37.41963333,41.28693333,33.64463333,40.73253333,32.82923333,23.85983333,22.98833333,17.27793333
154,29.08443333,27.33283333,42.05973333,28.94853333,42.93333333,19.53973333,20.76953333,12.57693333,13.80513333,13.20483333,13.96383333,17.99173333,16.24593333,14.99883333,9.471933333,4.544666667,2.410666667,2.736,3.018666667,2.997333333,3.069333333,3.63,3.162666667,4.162
155,5.473333333,8.002666667,10.46553333,9.154533333,8.147133333,6.551333333,6.238666667,1.997333333,0.1776,5.165333333,15.54073333,20.69213333,94.6335,84.65706667,60.47793333,62.66883333,70.68873333,64.71903333,59.89503333,58.30713333,50.96373333,43.80693333,38.53703333,32.22523333
156,34.59593333,27.96703333,48.91413333,53.85333333,67.07073333,54.47493333,41.58933333,23.47853333,16.90813333,12.93573333,9.106233333,2.658666667,0.46,0.3272,0.4456,0.5384,0.5272,0,0,0,0,0,0.4728,1.274666667
157,5.212,19.92673333,33.68993333,76.78413333,91.83586667,77.86186667,96.92093333,96.8666,87.17786667,66.78933333,22.88513333,19.21293333,16.60713333,21.62953333,4.932,6.556,6.775333333,7.414666667,9.913533333,12.58383333,15.36873333,17.45853333,17.94873333,18.53353333
158,26.68353333,35.35093333,66.00543333,91.08693333,98.3336,99.638,99.94933333,99.964,99.756,99.854,97.50773333,93.92716667,56.94033333,55.61373333,22.58413333,15.06773333,14.75043333,14.20533333,21.17373333,29.62803333,39.05253333,49.77093333,58.22673333,65.78433333
159,85.93573333,99.402,100,100,100,100,100,100,100,100,100,100,100,98.2521,86.08186667,70.92993333,71.41233333,84.9676,79.79813333,85.132,82.31893333,90.70333333,94.10103333,98.46943333
160,99.86666667,100,100,100,100,100,100,100,100,100,99.554,99.90133333,100,93.91086667,97.05676667,99.546,99.07253333,90.68506667,96.68186667,96.91006667,96.35586667,99.3116,99.73466667,99.91133333
161,100,97.98043333,76.07173333,98.87693333,46.49493333,2.2,18.68833333,38.17463333,24.34303333,50.29173333,77.05813333,95.57346667,98.68676667,76.61973333,66.58833333,48.54453333,54.87813333,53.88693333,61.56333333,62.58843333,63.11103333,69.84453333,81.16813333,95.06273333
162,98.46943333,94.62263333,98.14886667,97.01873333,99.474,70.90983333,97.54576667,99.58733333,99.44466667,98.30643333,95.95923333,85.132,80.18173333,59.11113333,83.41493333,82.53813333,80.10866667,53.83653333,65.88483333,77.66093333,85.42426667,71.09073333,47.58693333,94.4379
163,95.1551,94.31836667,95.97553333,99.58266667,99.39,97.8446,97.37733333,87.61626667,94.96493333,94.57373333,77.58786667,77.46,72.91983333,50.44293333,35.63783333,36.86093333,33.40303333,22.43793333,32.28563333,44.99973333,42.63093333,44.29413333,40.81653333,41.32053333
164,53.87013333,53.63493333,46.52853333,43.55493333,97.81743333,99.69933333,100,99.586,66.08583333,92.49346667,81.69786667,46.25973333,68.41743333,48.14133333,8.547333333,14.72973333,22.24013333,20.92433333,22.69593333,38.90133333,55.23093333,60.23673333,48.94773333,64.01553333
165,32.58763333,36.16633333,76.2544,53.56773333,10.61043333,5.501333333,51.03093333,100,99.70466667,96.345,93.7356,44.34453333,62.54823333,74.42733333,59.49303333,16.82213333,16.30613333,23.08293333,50.94693333,81.31426667,89.00453333,85.47906667,87.63453333,87.89026667
166,85.97226667,77.44173333,90.59373333,84.98586667,70.72893333,73.10073333,55.48293333,90.4476,100,100,100,100,99.456,94.13363333,53.24853333,14.08113333,11.20383333,14.99883333,12.50103333,19.25593333,29.25053333,27.83113333,46.62933333,97.4697
167,89.86306667,95.1714,96.9155,95.09533333,99.58333333,99.95133333,100,100,99.89933333,99.98533333,100,99.58,99.69533333,94.95406667,56.69913333,48.10773333,60.65883333,67.11093333,86.2828,94.69326667,95.68213333,94.05213333,95.19856667,94.73673333
168,75.61323333,51.36693333,75.88906667,99.86333333,99.642,95.80166667,88.0912,99.49333333,100,100,100,100,100,83.214,53.11413333,19.89233333,29.29583333,23.59033333,11.10723333,8.623233333,5.8,3.28,2.789333333,2.866666667
169,2.757333333,2.837333333,5.986666667,2.488,2.736,6.164,4.428,32.90473333,79.96253333,92.56653333,99.93933333,96.18743333,10.99683333,0.986666667,0.0144,1.445333333,1.424,9.527133333,16.23733333,22.38633333,31.77223333,28.84283333,24.04103333,44.44533333
170,43.90773333,40.41333333,84.51093333,70.66863333,64.35723333,53.83653333,53.33253333,58.68903333,54.57573333,55.95543333,23.84473333,17.35533333,12.72183333,10.92093333,5.944666667,5.534,11.41083333,12.78393333,11.74893333,7.788,13.57053333,7.816,32.91983333,78.53773333
171,67.05063333,87.96333333,96.37216667,89.66213333,82.95826667,73.70373333,64.35723333,61.10103333,72.13593333,62.64873333,49.31733333,55.07973333,66.16623333,40.61493333,62.00553333,50.66133333,42.19413333,36.75523333,31.00213333,29.74883333,34.98853333,45.90693333,54.34053333,49.60293333
172,60.67893333,79.12226667,72.13593333,87.90853333,97.16543333,97.67073333,96.83943333,84.83973333,85.69826667,94.36183333,95.367,85.68,84.43786667,97.65443333,41.65653333,54.39093333,47.82213333,34.15803333,30.21693333,28.57103333,33.47853333,35.41133333,33.97683333,43.55493333
173,60.94023333,72.21633333,87.52493333,99.49466667,99.788,99.932,100,100,100,100,100,100,100,99.63666667,99.40466667,98.21406667,94.11733333,88.73053333,81.05853333,71.81433333,59.85483333,50.67813333,44.69733333,51.31653333
174,58.72923333,68.96013333,94.18796667,99.62,100,100,99.68466667,100,100,100,99.76133333,95.58976667,41.94213333,14.78493333,13.06683333,9.761733333,5.748666667,9.333933333,14.59863333,22.15413333,33.46343333,52.82853333,63.85473333,64.19643333
175,80.94893333,95.26376667,100,100,100,100,100,77.60613333,95.6441,97.90436667,99.5,97.35016667,99.81733333,99.58333333,94.91603333,91.41573333,77.05813333,81.05853333,91.63493333,96.96983333,99.36333333,100,100,100
176,100,100,99.88933333,100,100,100,100,99.95,100,100,100,100,100,99.94,99.91933333,100,99.41333333,94.76933333,92.95013333,95.32896667,90.9408,94.78563333,96.02986667,98.16516667
177,99.91533333,99.562,99.456,99.90866667,98.9367,99.516,99.47666667,99.756,99.406,97.45883333,92.34733333,89.20546667,63.47283333,59.39253333,85.132,86.26453333,69.70383333,56.13633333,48.77973333,53.16453333,58.14633333,48.42693333,43.53813333,42.04293333
178,23.20333333,18.59373333,10.09983333,81.3508,94.47593333,95.12793333,95.30723333,87.28746667,86.41066667,83.34186667,78.20893333,34.80733333,29.43173333,27.66503333,17.08873333,15.44613333,10.87263333,6.840666667,10.72773333,9.037233333,7.97,5.786,13.75683333,8.223033333
179,18.77433333,17.63913333,56.61873333,50.81253333,48.84693333,41.03493333,33.90133333,42.54693333,30.44343333,14.01213333,11.27973333,7.806666667,10.23093333,10.77603333,3.994,1.949333333,0.5488,0.112,0.2856,0.7128,3.341333333,3.863333333,1.474666667,6.57
180,8.298933333,34.70163333,69.98523333,56.69913333,56.49813333,45.28533333,60.27693333,52.47573333,40.22853333,34.38453333,31.36453333,33.34263333,14.30883333,13.30833333,4.852666667,7.307333333,9.051033333,5.352,3.938,2.213333333,1.058666667,7.382,24.43363333,20.73513333
181,24.85643333,27.90663333,52.94613333,95.88316667,65.86473333,68.13603333,96.89376667,99.92466667,99.52333333,99.36666667,96.22003333,97.70876667,69.70383333,14.99193333,21.28553333,56.09613333,47.33493333,31.90813333,22.52393333,10.98303333,2.186666667,20.72653333,45.92373333,94.43246667
182,92.54826667,91.30613333,99.71733333,100,98.51833333,14.07423333,1.242666667,8.602533333,14.17773333,28.07273333,10.70013333,3.173333333,7.638666667,37.10253333,62.95023333,75.15093333,53.92053333,41.27013333,40.91733333,49.60293333,74.02533333,84.83973333,86.97693333,98.42053333
183,96.49713333,98.46943333,100,99.35,99.932,100,100,100,100,100,99.88,99.866,99.88733333,98.16516667,97.49143333,99.36333333,99.50733333,99.908,88.60266667,94.98666667,94.80193333,89.38813333,96.31783333,95.49196667
184,72.07563333,55.36533333,47.38533333,85.49733333,84.3648,24.22223333,20.02133333,7.069333333,22.16273333,93.31546667,93.11453333,79.74333333,69.90483333,68.13603333,47.43573333,33.35773333,21.10493333,19.04093333,10.99683333,7.162666667,2.826666667,0.4112,0.76,3.574
185,0.4656,2.136,13.68783333,15.30853333,12.67353333,11.86623333,20.02133333,26.17013333,10.67253333,46.79733333,13.43253333,33.94663333,29.91493333,33.61443333,7.862666667,16.99413333,15.12793333,9.147633333,4.745333333,6.444,5.832666667,5.398666667,5.394,4.656666667
186,0.4912,0.0208,1.098666667,41.11893333,51.50133333,71.99523333,90.064,52.37493333,71.41233333,71.85453333,59.77443333,46.52853333,76.34573333,65.12103333,22.48953333,11.25213333,24.61483333,35.54723333,38.70313333,45.40293333,38.31053333,37.69143333,91.78106667,89.91786667
187,84.38306667,98.84433333,89.44293333,100,100,100,100,100,100,100,100,100,100,99.93666667,95.82883333,85.49733333,76.10826667,47.80533333,30.97193333,49.40133333,75.59313333,91.1052,94.60633333,89.8996
188,93.352,85.38773333,95.30723333,100,100,100,100,100,100,100,100,100,100,100,74.72883333,44.15973333,38.12933333,36.66463333,15.90193333,13.48773333,11.31423333,16.29753333,27.49893333,17.74233333
189,20.70073333,40.83333333,92.16466667,96.22003333,99.66266667,94.3401,96.11136667,100,100,99.49733333,89.82653333,98.37706667,99.78266667,99.18663333,17.04573333,6.238666667,1.528,0.216,0.842666667,5.412666667,7.242,97.10566667,60.75933333,100
190,99.83733333,53.73573333,100,96.55146667,99.388,68.45763333,98.36076667,99.46866667,94.4379,99.17576667,100,96.5732,19.01513333,39.64053333,60.05583333,41.72373333,41.42133333,44.14293333,51.55173333,52.67733333,65.36223333,68.17623333,14.51583333,19.08393333
191,50.39253333,42.64773333,99.71333333,100,100,99.90333333,100,100,100,95.44306667,100,100,100,100,96.2798,84.40133333,73.56303333,87.25093333,94.13906667,94.45963333,97.7468,99.368,99.92933333,99.55733333
192,28.51063333,69.86463333,94.39443333,100,100,100,100,100,100,100,100,100,100,100,100,99.88466667,100,95.9538,78.24546667,83.46973333,94.62806667,94.95406667,94.87256667,86.10013333
193,51.65253333,44.41173333,93.00493333,99.69066667,100,100,100,100,100,100,100,100,99.85266667,70.72893333,14.88843333,12.02493333,10.17573333,10.41723333,3.346666667,0.1688,0,0.3152,6.000666667,8.995833333
194,5.515333333,6.458,20.16753333,77.33213333,99.15946667,99.81066667,100,100,100,100,100,100,100,99.808,87.06826667,54.44133333,28.45023333,23.28933333,11.99043333,2.738666667,1.528,3.793333333,2.042666667,3.784
195,60.47793333,53.23173333,97.25236667,94.17166667,96.94266667,99.422,99.936,99.488,100,100,100,99.882,100,94.69326667,39.05253333,28.38983333,17.44133333,7.279333333,0.6352,0,0,0.1128,10.45173333,38.37093333
196,13.70163333,0.7376,52.47573333,33.70503333,28.88813333,71.75403333,46.07493333,38.71823333,48.19173333,36.07573333,16.22873333,6.406666667,8.209233333,0.850666667,6.92,5.38,19.13553333,23.22053333,40.06053333,50.61093333,47.09973333,55.65393333,84.43786667,98.0402
197,99.57,99.74466667,94.53026667,100,99.81266667,42.86613333,56.57853333,100,100,100,100,99.91466667,96.31783333,71.89473333,30.71523333,52.69413333,47.77173333,55.02933333,62.56833333,78.13586667,91.708,97.5186,99.432,99.61933333
198,100,100,100,100,100,100,100,100,100,100,100,100,100,100,100,100,99.65333333,95.0573,95.08446667,94.96493333,90.53893333,83.34186667,87.23266667,94.226
199,97.14913333,99.448,100,100,100,100,100,100,99.926,100,100,99.994,99.65666667,99.542,99.27356667,95.45936667,78.04453333,67.11093333,54.99573333,47.68773333,54.22293333,62.91003333,65.60343333,73.76403333
200,81.00373333,85.0224,95.7093,99.61266667,100,100,100,99.75066667,99.55933333,99.65,99.3116,96.20373333,92.0368,93.44333333,53.75253333,92.84053333,73.26153333,44.37813333,30.65483333,27.52913333,22.33473333,20.37393333,30.57933333,34.36943333
201,55.04613333,71.97513333,82.59293333,99.33333333,99.55,99.28986667,99.45333333,99.87866667,100,100,99.70866667,99.74,98.4314,97.2252,92.98666667,95.04643333,87.41533333,76.43706667,57.86493333,50.42613333,46.10853333,43.57173333,43.35333333,54.34053333
202,71.97513333,94.60633333,96.1005,99.71333333,99.678,100,100,100,100,100,100,99.75333333,99.52266667,97.02416667,87.324,81.05853333,72.41733333,60.25683333,50.54373333,39.72453333,32.51213333,37.72163333,44.09253333,49.95573333
203,57.02073333,84.2004,97.96413333,99.79733333,99.93533333,100,100,100,100,100,100,100,100,99.35066667,36.54383333,50.07333333,67.67373333,46.98213333,49.06533333,45.10053333,39.20373333,35.16973333,38.15953333,42.19413333
204,56.88003333,61.94523333,94.3727,99.72733333,99.962,100,100,100,100,100,100,100,100,100,86.37413333,79.90773333,81.4056,85.38773333,73.96503333,69.72393333,53.66853333,43.16853333,44.15973333,40.85013333
205,50.37573333,57.74433333,94.2749,99.69266667,100,100,100,100,100,100,100,99.614,99.82866667,97.49686667,53.11413333,65.44263333,51.51813333,36.21163333,26.53253333,20.07293333,19.56553333,21.85313333,23.22053333,25.11313333
206,26.44193333,40.66533333,52.45893333,79.46933333,92.34733333,99.63,99.96133333,99.852,99.59733333,97.54033333,96.99156667,36.15123333,19.47093333,9.651333333,3.788666667,6.140666667,7.312,3.306666667,1.602666667,2.056,3.886666667,7.727333333,17.77673333,11.87313333
207,20.22773333,24.64503333,11.45913333,7.848666667,1.288,0.2048,0,1.24,6.000666667,0.6752,0.6856,3.306666667,2.074666667,1.053333333,1.346666667,6.439333333,7.662,7.34,4.129333333,3.456,8.068,30.02063333,54.54213333,8.519733333
208,57.16143333,99.57266667,94.7313,63.61353333,60.11613333,40.54773333,46.91493333,51.70293333,60.65883333,39.72453333,28.58613333,31.90813333,18.68833333,7.064666667,1.205333333,0.6248,0.7664,2.853333333,4.810666667,4.633333333,10.52763333,94.69326667,6.145333333,0.6824
209,19.56553333,17.47573333,27.61973333,22.67873333,25.68693333,29.43173333,31.81753333,28.58613333,14.08803333,4.624,0.304,0.6552,1.154666667,0.688,0.212,0.364,0.4984,0.4984,0.6352,3.016,3.250666667,4.577333333,10.21713333,18.57653333
210,28.10293333,41.43813333,66.10593333,84.73013333,98.03476667,95.47023333,97.54576667,99.54866667,100,95.28006667,86.502,66.62853333,65.20143333,67.27173333,27.86133333,11.16243333,18.44753333,18.49053333,24.17693333,33.64463333,49.95573333,72.77913333,76.27266667,70.42743333
211,46.44453333,71.27163333,93.91086667,95.5137,97.7468,99.556,100,100,100,99.45066667,99.772,98.27383333,99.37133333,93.91086667,66.40743333,56.51823333,54.30693333,48.94773333,52.15653333,59.41263333,63.43263333,65.78433333,71.45253333,66.97023333
212,69.28173333,77.14946667,96.2798,98.86606667,99.73733333,100,100,100,100,100,100,100,100,100,100,99.736,98.55636667,97.65986667,94.8128,94.98666667,95.13336667,97.29583333,96.30153333,98.32816667
213,100,100,99.688,98.27926667,97.40993333,99.992,99.46133333,87.45186667,47.87253333,76.54666667,56.94033333,56.61873333,63.53313333,74.64843333,73.56303333,87.74413333,83.1592,82.7208,89.15066667,86.81253333,85.4608,89.58906667,92.9136,95.67126667
214,86.3376,53.53413333,60.65883333,64.75923333,94.90516667,100,100,100,100,100,100,100,100,99.60533333,95.58976667,89.79,54.15573333,30.15653333,28.34453333,28.69183333,30.62463333,33.70503333,45.26853333,60.49803333
215,59.09103333,65.82453333,99.25183333,99.37733333,99.874,99.52266667,98.0891,69.96513333,15.30853333,3.032,1.146666667,0.936,6.136,20.53733333,12.95643333,15.13653333,25.08293333,39.77493333,55.07973333,54.07173333,62.44773333,80.34613333,81.33253333,91.78106667
216,97.85546667,88.23733333,96.48083333,99.336,97.3067,99.366,99.484,99.726,100,100,99.802,99.42333333,98.2847,99.496,86.41066667,76.98506667,58.86993333,54.42453333,44.89893333,45.26853333,46.27653333,68.39733333,62.88993333,56.33733333
217,80.51053333,95.38873333,95.47023333,99.63933333,99.40333333,100,100,100,100,100,100,99.88333333,95.78536667,21.43173333,9.989433333,4.092,5.282,2.525333333,5.436,10.33443333,17.68213333,29.68843333,30.88133333,28.58613333
218,46.73013333,70.50783333,71.85453333,75.45243333,96.6221,97.31213333,99.35133333,81.5152,17.59613333,14.01213333,7.386666667,7.312,10.12743333,2.904,6.336666667,8.012,17.01133333,24.50913333,33.59933333,44.04213333,49.50213333,59.33223333,61.66383333,70.16613333
219,82.68426667,94.5194,83.41493333,94.31836667,98.0891,94.82366667,84.01773333,74.50773333,84.65706667,57.68403333,91.74453333,65.78433333,69.52293333,84.93106667,41.80773333,56.57853333,69.80433333,59.17143333,48.54453333,41.65653333,38.06893333,39.20373333,41.16933333,42.36213333
220,42.22773333,41.90853333,52.54293333,31.78733333,23.51293333,78.0628,72.41733333,82.59293333,51.19893333,57.66393333,79.03093333,100,100,99.544,73.94493333,94.1771,95.33983333,96.43193333,92.45693333,84.9676,84.29173333,83.14093333,79.79813333,74.76903333
221,72.49773333,74.90973333,88.60266667,87.47013333,99.66133333,99.97333333,100,99.63333333,100,98.93126667,94.36183333,97.6001,99.40266667,99.85133333,78.556,61.66383333,55.61373333,51.04773333,44.68053333,35.74353333,30.45853333,33.56913333,48.89733333,59.51313333
222,65.42253333,80.9124,61.28193333,68.17623333,99.35333333,99.796,100,99.83933333,99.578,99.2627,99.374,99.88,100,99.58466667,79.85293333,99.34333333,98.6759,93.92716667,76.912,53.73573333,52.81173333,77.16773333,95.20943333,99.392
223,98.2847,67.79433333,99.35133333,100,99.34733333,81.53346667,92.23773333,86.62986667,95.2692,97.86633333,73.22133333,79.30493333,99.608,97.80113333,55.79463333,72.01533333,51.87093333,48.07413333,53.03013333,52.08933333,37.75183333,53.45013333,42.56373333,44.22693333
224,45.30213333,15.67833333,6.738,44.64693333,55.57353333,38.06893333,0.1072,48.17493333,0.404,0.4912,7.592,18.65393333,38.32563333,57.64383333,91.68973333,94.99753333,89.99093333,87.61626667,91.36093333,72.87963333,76.912,92.9136,93.91086667,93.5712
225,93.49813333,93.26066667,81.42386667,73.32183333,86.90386667,90.64853333,93.71733333,91.74453333,90.48413333,88.146,83.25053333,77.36866667,73.82433333,69.14103333,35.59253333,31.60613333,25.68693333,21.87893333,22.81633333,26.33623333,31.44003333,30.27733333,33.70503333,38.76693333
226,56.11623333,66.64863333,78.2272,85.91746667,94.1282,95.67126667,94.49766667,82.59293333,67.07073333,58.14633333,46.59573333,37.96323333,34.49023333,30.76053333,32.76883333,8.209233333,10.67253333,16.93393333,35.13953333,54.29013333,54.13893333,66.78933333,56.15643333,33.97683333
227,22.38633333,19.01513333,41.90853333,39.15333333,36.43813333,34.77713333,38.52193333,33.16143333,27.25733333,22.50673333,18.85173333,14.03973333,11.75583333,9.734133333,8.988933333,5.744,7.34,5.678666667,3.956666667,5.216666667,6.896666667,8.678433333,9.582333333,15.40313333
228,13.99833333,38.71823333,58.64883333,84.9676,99.82266667,100,100,99.676,99.87133333,97.06763333,86.20973333,71.99523333,50.96373333,47.99013333,37.64613333,17.68213333,16.50393333,10.94163333,8.430033333,8.643933333,8.740533333,11.45223333,10.81743333,14.57103333
229,22.36053333,40.27893333,92.73093333,99.84066667,99.36866667,97.72506667,96.0353,93.98693333,88.18253333,46.10853333,31.30413333,25.49063333,18.44753333,16.86513333,12.39063333,4.558666667,1.744,0.576,0.6912,2.170666667,7.330666667,12.15603333,15.05053333,19.08393333
230,31.10783333,60.83973333,81.844,88.54786667,87.30573333,71.11083333,75.45243333,75.83426667,67.35213333,49.75413333,73.44243333,54.15573333,49.06533333,54.89493333,33.13123333,19.56553333,21.44033333,15.60953333,14.19843333,8.947533333,7.321333333,7.330666667,7.932666667,9.471933333
231,14.95743333,40.32933333,95.7582,99.46133333,98.71936667,98.93126667,97.29583333,99.422,100,100,100,99.472,99.43733333,88.9132,39.10293333,27.55933333,25.61143333,27.92173333,17.98313333,9.678933333,6.486,5.538666667,3.756,5.828
232,5.795333333,10.89333333,14.50893333,4.134,1.552,0.917333333,4.768666667,33.05573333,97.43166667,97.24693333,100,100,100,100,100,100,98.64873333,88.7488,61.80453333,37.22333333,21.41453333,13.81203333,11.47293333,8.285133333
233,9.492633333,16.19433333,38.35583333,54.77733333,30.23203333,24.90173333,34.11273333,31.37963333,21.74993333,20.76093333,17.45853333,14.04663333,15.14513333,14.81943333,7.69,14.73663333,12.79773333,16.37493333,19.65153333,24.75073333,38.75013333,51.63573333,61.88493333,77.44173333
234,88.82186667,82.46506667,85.8444,94.06843333,98.3499,97.4208,99.56466667,99.538,98.79,99.71,99.76,99.49733333,73.80423333,63.61353333,66.16623333,51.48453333,46.00773333,50.29173333,43.58853333,51.70293333,47.65413333,49.53573333,62.84973333,74.82933333
235,88.27386667,93.49813333,83.8716,97.49143333,100,100,99.98733333,100,100,100,100,100,99.76933333,96.41563333,81.14986667,77.55133333,80.16346667,82.02666667,88.56613333,84.3648,75.9256,81.7344,84.67533333,99.544
236,99.51,90.37453333,90.73986667,95.2203,86.92213333,92.76746667,97.91523333,99.794,100,97.8935,87.78066667,89.242,80.82106667,100,77.44173333,31.66653333,56.65893333,99.568,78.81173333,70.48773333,44.36133333,36.72503333,45.60453333,42.44613333
237,42.74853333,39.55653333,48.02373333,56.55843333,35.71333333,56.81973333,95.62236667,60.37743333,42.05973333,49.13253333,7.666666667,7.638666667,8.229933333,5.982,2.706666667,3.106666667,0.0616,0,0.0336,1.256,1.528,1.341333333,0.5672,11.03823333
238,12.68043333,27.93683333,17.07153333,18.61093333,22.38633333,5.748666667,7.008666667,24.64503333,61.72413333,21.34573333,2.122666667,4.110666667,68.71893333,63.67383333,23.84473333,9.534033333,15.49773333,19.27313333,33.75033333,46.34373333,43.63893333,55.09653333,56.88003333,69.32193333
239,42.89973333,58.44783333,57.94533333,48.07413333,34.98853333,32.39133333,25.67183333,20.97593333,38.93493333,69.00033333,52.64373333,22.86793333,47.99013333,51.88773333,29.15993333,25.76243333,27.57443333,24.61483333,17.63053333,11.07963333,3.546,6.845333333,20.81253333,20.06433333
240,12.14913333,17.56173333,31.42493333,58.54833333,73.40223333,97.57293333,99.438,100,96.75793333,89.58906667,75.51273333,25.71713333,7.578,6.229333333,9.720333333,9.844533333,17.85413333,20.19333333,23.59033333,38.95173333,31.16823333,49.19973333,68.43753333,46.05813333
241,48.91413333,54.23973333,91.1052,87.06826667,99.38666667,93.49813333,87.74413333,86.37413333,80.94893333,64.47783333,20.14173333,7.088,0.946666667,0.4048,0.5792,1.338666667,5.389333333,12.24573333,32.60273333,25.11313333,38.71823333,48.19173333,44.99973333,42.19413333
242,47.21733333,21.49193333,2.709333333,29.80923333,6.551333333,6.924666667,9.147633333,18.61093333,20.52873333,19.46233333,12.53553333,8.030666667,17.53593333,15.86753333,10.01703333,7.279333333,9.258033333,7.321333333,2.933333333,3.050666667,5.440666667,4.124666667,7.186,6.252666667
243,2.248,11.30733333,10.47933333,10.25163333,13.54983333,12.44583333,9.416733333,7.27,6.5,5.795333333,6.518666667,5.776666667,5.888666667,8.312733333,5.828,1.005333333,0.5576,0.56,0.4216,0.858666667,2.253333333,2.925333333,1.898666667,2.216
244,1.386666667,5.174666667,15.73853333,11.51433333,11.03823333,18.78293333,32.13463333,27.28753333,11.63853333,7.582666667,2.285333333,2.397333333,1.530666667,1.634666667,1.088,0.3632,0.938666667,0.6992,0.012,0.3664,0.7064,0.3584,2.338666667,6.948
245,7.951333333,20.64053333,45.62133333,54.99573333,52.54293333,46.91493333,33.53893333,23.04853333,16.69313333,14.82633333,14.17083333,10.31373333,9.278733333,9.140733333,9.161433333,4.927333333,8.526633333,12.72183333,10.21713333,15.50633333,31.13803333,40.17813333,50.61093333,60.79953333
246,62.06583333,60.85983333,69.40233333,60.81963333,58.30713333,60.45783333,60.55833333,51.43413333,56.21673333,48.12453333,35.87943333,23.16893333,25.20373333,28.60123333,35.81903333,35.07913333,27.34793333,34.35433333,56.73933333,56.19663333,56.41773333,71.67363333,77.03986667,82.79386667
247,81.31426667,68.57823333,86.42893333,100,99.55733333,99.2301,99.358,99.698,99.76533333,99.596,98.24666667,98.24666667,95.73646667,94.1934,84.51093333,85.53386667,74.76903333,70.40733333,73.74393333,89.15066667,94.4379,95.40503333,97.52403333,99.99
248,100,100,100,100,100,100,100,100,100,100,100,100,100,99.91133333,99.62066667,99.876,99.372,94.6172,82.09973333,70.42743333,76.51013333,78.59253333,78.09933333,95.50826667
249,99.592,99.66533333,100,100,100,100,100,100,100,100,99.95133333,99.678,99.44933333,98.3825,89.38813333,96.72533333,96.1331,90.1188,73.64343333,54.76053333,37.58573333,37.23843333,44.49573333,63.09093333
250,85.60693333,94.83453333,89.15066667,94.34553333,95.30723333,96.6873,99.68066667,99.62333333,100,100,100,99.888,99.78666667,98.09453333,99.53333333,97.83916667,99.26813333,87.96333333,77.38693333,64.11603333,76.29093333,67.89483333,79.08573333,66.42753333
251,44.93253333,49.85493333,80.01733333,91.25133333,96.13853333,94.72043333,96.79053333,96.7688,79.25013333,90.9408,86.30106667,70.56813333,90.24666667,80.16346667,58.28703333,26.24563333,39.15333333,55.75443333,51.41733333,45.80613333,44.61333333,43.53813333,48.86373333,45.45333333
252,40.66533333,46.83093333,59.03073333,76.54666667,90.92253333,92.71266667,98.09996667,97.8935,95.99726667,94.48136667,94.06843333,94.5846,89.88133333,86.6116,61.18143333,14.38473333,15.39453333,14.36403333,12.71493333,6.616666667,3.101333333,1.253333333,1.408,0.7424
253,2.573333333,8.892333333,3.588,100,100,100,100,100,100,100,100,100,100,96.77423333,87.99986667,64.73913333,46.46133333,25.55103333,12.63903333,6.047333333,1.984,0.4768,0.4328,0.6704
254,1.504,6.775333333,14.02593333,20.33953333,31.03233333,55.26453333,82.7208,97.29583333,97.45883333,99.39266667,99.966,99.84533333,100,100,97.71963333,84.54746667,84.29173333,88.968,91.17826667,91.01386667,91.25133333,88.67573333,91.17826667,94.41073333
255,95.5626,99.75,100,100,100,100,100,100,100,100,99.998,99.66533333,99.82866667,100,95.7582,86.3376,81.8988,78.31853333,72.83943333,72.33693333,73.22133333,82.37373333,94.80193333,96.39933333
256,98.14886667,99.928,99.826,99.86733333,99.49533333,90.886,98.15973333,100,99.84666667,97.89893333,95.07903333,50.76213333,21.24253333,5.482666667,6.924666667,20.14173333,82.59293333,88.65746667,85.55213333,81.80746667,82.42853333,58.28703333,47.73813333,49.01493333
257,46.71333333,35.32073333,24.16183333,28.72203333,21.57793333,13.32213333,13.96383333,12.52863333,10.09293333,8.919933333,12.08013333,11.12103333,11.87313333,12.34233333,9.244233333,4.82,4.068666667,5.538666667,8.899233333,11.92833333,17.68213333,21.50913333,22.21433333,20.32233333
258,28.55593333,65.44263333,73.44243333,91.61666667,89.86306667,84.10906667,68.33703333,50.40933333,43.55493333,38.80053333,35.47173333,32.51213333,40.16133333,60.19653333,61.34223333,70.95003333,72.19623333,77.88013333,69.66363333,61.66383333,57.40263333,58.56843333,44.05893333,9.706533333
259,33.91643333,28.70693333,17.25213333,73.58313333,48.54453333,37.96323333,72.61833333,100,99.75333333,88.76706667,70.80933333,79.4328,50.57733333,32.82923333,66.54813333,42.29493333,40.24533333,23.22053333,19.35053333,17.47573333,16.11693333,12.83913333,8.068,5.142
260,2.408,9.057933333,2.789333333,0.1792,1.322666667,0.1288,0.62,2.008,0.930666667,2.112,3.098666667,0.684,2.474666667,1.88,11.81793333,13.49463333,5.291333333,3.695333333,9.961833333,15.63533333,19.55693333,24.19203333,21.38013333,53.87013333
261,24.43363333,8.367933333,22.29173333,80.49226667,91.79933333,99.68333333,100,99.94266667,99.402,99.494,98.44226667,99.338,78.556,40.43013333,31.31923333,27.15163333,22.07673333,15.89333333,12.80463333,17.14893333,21.48333333,23.78433333,28.87303333,35.48683333
262,41.27013333,52.49253333,37.84243333,61.16133333,96.0842,95.80166667,93.05973333,84.87626667,95.6115,77.734,89.88133333,87.7624,80.34613333,84.78493333,70.99023333,7.993333333,6.15,14.99883333,38.05383333,40.61493333,35.81903333,34.26373333,31.18333333,26.09463333
263,35.62273333,51.03093333,71.75403333,66.44763333,74.72883333,64.05573333,92.82226667,79.23186667,88.12773333,68.59833333,52.77813333,70.38723333,71.41233333,55.85493333,81.93533333,27.04593333,18.06913333,37.14783333,45.89013333,45.53733333,47.95653333,44.59653333,45.31893333,40.09413333
264,44.99973333,86.35586667,84.4744,84.93106667,77.82533333,99.516,99.778,99.92466667,99.43733333,99.54266667,99.20836667,96.74706667,98.65416667,96.51343333,94.31293333,64.45773333,60.73923333,80.748,78.53773333,65.38233333,62.22663333,53.97093333,58.68903333,87.1048
265,80.83933333,97.36103333,100,99.966,100,100,100,100,100,100,100,99.63333333,96.46453333,95.37243333,94.6824,40.11093333,78.20893333,82.75733333,73.80423333,68.81943333,64.98033333,62.46783333,64.55823333,76.45533333
266,95.41046667,95.2203,100,99.96933333,100,100,100,100,100,100,100,100,100,100,99.75266667,99.37333333,99.736,99.388,99.21923333,98.82803333,99.56066667,99.70533333,99.914,100
267,100,100,100,100,100,100,76.32746667,55.39893333,85.80786667,96.36673333,99.472,97.30126667,96.4428,72.93993333,23.59893333,5.342666667,2.330666667,2.482666667,2.002666667,4.446666667,3.541333333,2.861333333,3.410666667,6.686666667
268,23.14313333,35.45663333,38.88453333,15.23973333,2.829333333,7.872,18.21533333,16.34913333,12.61833333,1.610666667,0.2136,1.653333333,51.85413333,100,100,100,100,100,100,100,100,100,100,99.876
269,99.434,88.01813333,66.14613333,81.00373333,95.8071,98.3336,95.69843333,99.78133333,99.44933333,99.766,99.66933333,96.1494,90.41106667,97.0133,80.21826667,35.71333333,30.51893333,22.96253333,17.85413333,16.50393333,15.42033333,13.98453333,11.70063333,6.014666667
270,10.27233333,25.30943333,17.77673333,13.31523333,8.285133333,6.136,14.00523333,11.32113333,3.434666667,1.778666667,6.472,17.90573333,20.54593333,19.49673333,21.93053333,18.75713333,5.566666667,4.320666667,2.738666667,1.709333333,2.346666667,2.496,5.226,7.456666667
271,13.46703333,17.08013333,18.38733333,16.14273333,22.05953333,27.57443333,26.57783333,32.13463333,34.11273333,33.61443333,30.30753333,28.73713333,35.32073333,31.04743333,23.51293333,26.36643333,7.41,1.970666667,0.444,0.6376,2.242666667,6.808,15.11073333,23.67863333
272,48.88053333,71.79423333,75.85253333,81.86226667,77.53306667,71.65353333,98.3499,95.95923333,94.5357,92.5848,60.67893333,41.72373333,29.50723333,21.18233333,18.10353333,7.102,5.618,3.245333333,3.210666667,2.877333333,2.301333333,2.938666667,4.390666667,7.699333333
273,19.19573333,37.66123333,50.99733333,43.05093333,32.91983333,29.35623333,37.57063333,41.63973333,44.79813333,48.89733333,43.26933333,45.53733333,40.54773333,46.98213333,70.88973333,28.60123333,42.37893333,45.52053333,35.38113333,30.97193333,45.13413333,53.39973333,60.23673333,75.21123333
274,89.0776,99.50133333,99.72066667,99.856,99.41733333,99.12143333,99.468,96.04616667,81.5152,94.26946667,99.30616667,46.96533333,96.0516,99.622,80.76626667,42.22773333,44.15973333,44.63013333,43.08453333,48.52773333,54.76053333,49.93893333,39.00213333,19.91813333
275,59.27193333,85.11373333,96.63296667,98.17603333,97.31756667,99.93133333,100,99.926,100,99.61466667,99.52466667,99.51866667,98.61613333,95.34526667,81.64306667,25.46043333,20.39973333,21.95633333,30.83603333,40.43013333,42.41253333,44.76453333,42.19413333,47.83893333
276,68.39733333,99.984,100,100,100,100,100,100,100,100,100,99.69,100,99.982,97.0622,87.34226667,86.10013333,95.17683333,98.83346667,100,100,100,100,100
277,99.89666667,99.99266667,100,100,99.81,100,100,100,99.89666667,100,99.93666667,99.48333333,99.56066667,100,99.95666667,84.29173333,96.13853333,95.94293333,89.38813333,84.07253333,84.29173333,93.4068,96.61666667,95.55716667
278,91.30613333,98.42053333,99.66266667,100,100,100,99.84666667,100,99.42733333,95.34526667,75.59313333,60.53823333,48.47733333,24.78093333,18.55933333,16.85653333,0.821333333,0.0144,2.021333333,10.09983333,23.70883333,37.35923333,47.50293333,58.64883333
279,63.75423333,69.70383333,99.354,100,100,100,100,99.74933333,99.67866667,100,99.87333333,100,100,100,100,71.11083333,39.99333333,22.26593333,14.58483333,13.17723333,12.83913333,11.88003333,8.995833333,17.16613333
280,26.69863333,18.09493333,31.47023333,100,100,100,100,100,100,99.65933333,98.81716667,99.35733333,97.07306667,96.38846667,96.74163333,82.392,59.71413333,47.20053333,32.45173333,21.74993333,18.07773333,16.99413333,17.37253333,19.83213333
281,28.19353333,29.70353333,25.12823333,24.17693333,26.56273333,32.73863333,28.17843333,18.72273333,14.41233333,11.84553333,7.190666667,6.607333333,8.712933333,12.12153333,12.52173333,5.436,5.305333333,9.658233333,8.809533333,9.851433333,15.29133333,13.28073333,11.57643333,16.02233333
282,31.93833333,54.59253333,71.31183333,60.05583333,40.14453333,25.40003333,41.77413333,34.15803333,31.60613333,35.38113333,35.04893333,23.59893333,26.35133333,33.41813333,33.35773333,33.44833333,21.32853333,21.81013333,34.52043333,60.11613333,37.23843333,76.65626667,90.31973333,96.89376667
283,95.5137,99.458,100,100,100,100,100,100,100,100,100,99.568,99.39333333,99.756,98.42596667,78.20893333,76.87546667,94.31836667,86.64813333,74.20623333,70.30683333,72.49773333,79.7616,81.022
284,85.60693333,86.52026667,77.80706667,74.48763333,91.72626667,98.86606667,99.57533333,100,100,100,100,100,100,100,100,55.11333333,42.58053333,68.59833333,90.35626667,93.5164,94.12276667,88.73053333,90.70333333,92.29253333
285,97.21976667,100,100,100,100,100,100,100,100,100,99.36133333,96.3287,97.52946667,100,100,100,99.85933333,99.416,96.9807,91.56186667,65.12103333,50.07333333,36.55893333,37.67633333
286,49.73733333,57.48303333,72.35703333,76.72933333,81.55173333,63.09093333,44.49573333,26.95533333,10.90023333,3.821333333,0.5688,0.5584,1.626666667,6.532666667,2.64,1.986666667,0.0664,0,1.850666667,1.685333333,18.64533333,10.23093333,14.29503333,11.94213333
287,37.79713333,62.95023333,85.38773333,96.6873,96.40476667,97.21433333,99.35,99.35733333,96.49713333,85.27813333,89.66213333,95.99726667,97.65986667,97.55663333,91.85413333,91.1052,90.886,95.8071,88.54786667,86.81253333,91.94546667,92.256,94.72043333,94.98123333
288,99.39066667,100,100,100,100,100,100,100,100,100,100,100,100,100,100,95.9864,88.49306667,95.58433333,98.90953333,97.81743333,98.91496667,97.68703333,97.26866667,96.671
289,99.98466667,100,100,100,100,100,100,100,100,100,100,100,100,100,100,100,63.29193333,54.79413333,69.00033333,83.74373333,88.65746667,94.92146667,97.2089,96.35586667
290,99.56933333,100,100,100,100,100,100,100,100,100,100,100,100,100,100,99.596,99.70733333,100,100,100,100,100,100,100
291,100,100,100,100,100,100,100,100,99.71733333,100,100,100,100,100,100,95.01383333,58.28703333,23.70883333,13.05303333,10.27233333,11.54193333,12.42513333,11.39703333,15.65253333
292,36.49853333,61.52313333,57.64383333,56.15643333,62.42763333,68.53803333,76.67453333,82.51986667,87.03173333,81.93533333,82.42853333,81.05853333,68.41743333,35.86433333,15.19673333,11.52813333,14.12943333,23.72393333,30.33773333,37.22333333,44.52933333,57.30213333,68.57823333,86.62986667
293,99.34,100,100,100,100,96.64383333,98.1869,99.45733333,97.20346667,99.81866667,99.85466667,99.58133333,99.846,100,99.43,96.23633333,98.51833333,94.82366667,78.62906667,52.79493333,30.70013333,15.92773333,9.133833333,5.296
294,9.637533333,8.374833333,5.286666667,3.830666667,6.756666667,16.35773333,28.96363333,29.65823333,34.35433333,51.03093333,66.28683333,91.79933333,99.792,100,100,82.19106667,70.14603333,80.748,89.242,79.4328,71.33193333,75.59313333,67.99533333,70.08573333
295,94.44333333,100,100,100,100,100,100,100,100,100,99.81333333,99.83333333,100,97.6979,80.18173333,85.36946667,37.96323333,44.10933333,53.87013333,66.64863333,72.11583333,78.2272,87.8172,95.60063333
296,100,100,100,100,100,100,100,100,100,100,100,100,99.72666667,99.884,99.78333333,77.80706667,30.89643333,13.45323333,9.423633333,8.588733333,4.358,2.776,3.442666667,13.79823333
297,21.50913333,25.12823333,24.46383333,12.90813333,30.70013333,97.80656667,99.61133333,90.4476,61.10103333,72.91983333,67.11093333,54.89493333,24.97723333,17.86273333,15.53213333,16.86513333,5.557333333,0.933333333,0,0.3976,2.258666667,7.937333333,18.18093333,28.97873333
298,58.46793333,90.95906667,100,100,100,100,100,100,99.84133333,99.66666667,99.82333333,99.792,99.71933333,99.572,99.51333333,93.69906667,64.81953333,63.69393333,58.80963333,75.72466667,68.05563333,64.35723333,76.5832,95.24746667
299,99.45866667,100,100,100,100,100,100,100,100,99.62066667,99.334,100,100,100,100,94.67153333,95.0247,90.35626667,82.392,70.86963333,63.07083333,55.83483333,47.97333333,40.86693333
300,64.27683333,65.42253333,48.39333333,38.34073333,45.30213333,24.72053333,21.19093333,15.38593333,11.32113333,5.804666667,1.130666667,0.3456,1.037333333,2.666666667,3.290666667,5.286666667,3.480666667,9.423633333,14.08803333,15.01953333,17.54453333,21.12213333,24.05613333,30.14143333
301,59.45283333,93.86346667,98.73566667,100,100,100,100,100,95.7582,99.82866667,100,100,100,100,100,99.556,97.40993333,98.00216667,98.5781,99.84866667,99.95333333,99.618,99.90266667,99.03993333
302,100,100,100,100,100,100,100,100,100,100,100,100,100,100,100,98.2847,80.0904,93.95976667,87.74413333,69.58323333,50.72853333,35.09423333,27.52913333,41.18613333
303,93.77213333,99.408,94.93776667,49.73733333,23.02273333,4.367333333,24.04103333,33.90133333,100,100,100,99.92333333,97.0622,96.87203333,94.2912,66.36723333,40.85013333,20.10733333,8.795733333,3.854,2.512,3.042666667,9.292533333,19.60853333
304,57.78453333,84.3648,97.1274,98.0076,99.846,100,100,100,100,100,100,100,100,100,100,100,94.45963333,98.58353333,99.606,99.90266667,99.948,99.90066667,99.78533333,99.08883333
305,99.65533333,100,100,100,100,100,100,99.02906667,96.9807,94.93233333,85.3512,44.41173333,35.80393333,51.11493333,22.21433333,14.99193333,6.644666667,6.598,2.04,2.298666667,8.072666667,27.63483333,56.57853333,43.01733333
306,46.71333333,78.59253333,67.61343333,71.65353333,100,95.86143333,89.38813333,95.38873333,99.279,88.8036,85.36946667,81.86226667,48.52773333,20.17613333,8.954433333,12.95643333,15.66973333,61.48293333,20.72653333,7.680666667,4.936666667,24.10143333,83.8716,93.49813333
307,90.68506667,98.1543,99.55466667,91.68973333,85.3512,95.1551,99.354,96.43193333,91.34266667,87.57973333,97.18173333,87.57973333,88.94973333,95.23116667,88.89493333,82.64773333,69.50283333,40.78293333,27.75563333,27.60463333,25.15843333,23.75413333,25.24903333,36.09083333
308,34.64123333,33.43323333,25.85303333,32.78393333,35.36603333,41.80773333,43.89093333,31.69673333,33.73523333,40.76613333,30.38303333,19.30753333,18.52493333,21.13073333,20.63193333,18.22393333,11.38323333,10.16883333,12.87363333,12.92883333,18.10353333,12.55623333,11.12793333,22.83353333
309,48.61173333,37.08743333,45.55413333,53.23173333,44.93253333,46.73013333,49.33413333,47.58693333,44.98293333,40.31253333,31.12293333,21.82733333,18.70553333,27.66503333,24.70543333,26.66843333,24.64503333,29.06933333,25.43023333,30.48873333,25.32453333,20.21913333,17.79393333,32.78393333
310,26.62313333,61.18143333,60.41763333,86.31933333,98.04563333,96.09506667,96.00813333,70.26663333,45.50373333,67.07073333,95.1225,91.58013333,77.6244,88.34693333,53.36613333,78.79346667,54.27333333,67.91493333,56.37753333,33.56913333,18.91193333,11.31423333,12.33543333,13.03233333
311,22.54973333,41.60613333,59.59353333,38.18973333,30.05083333,21.68973333,16.51253333,12.92193333,8.995833333,1.290666667,0.532,2.938666667,6.952666667,14.43993333,20.84693333,28.57103333,20.42553333,20.62333333,17.93153333,19.08393333,16.03953333,19.27313333,20.10733333,30.27733333
312,56.92023333,95.73103333,98.09996667,99.418,97.3719,95.93206667,96.67643333,99.05623333,94.38356667,95.6604,99.53466667,100,99.826,99.32246667,98.17603333,98.24123333,98.4477,97.24693333,98.40423333,96.40476667,95.42676667,91.03213333,88.82186667,80.4192
313,86.62986667,95.21486667,94.3727,91.96373333,83.9812,93.9,93.26066667,86.86733333,76.05346667,72.77913333,66.34713333,57.18153333,51.13173333,46.00773333,35.80393333,23.29793333,6.971333333,4.47,3.12,3.365333333,3.072,2.312,2.682666667,5.664666667
314,13.75683333,17.09733333,14.74353333,11.72133333,11.99733333,13.20483333,18.18953333,28.25393333,25.97383333,28.58613333,41.69013333,45.73893333,87.56146667,81.69786667,45.95733333,51.13173333,20.27933333,30.42833333,30.18673333,29.88473333,26.10973333,26.42683333,22.41213333,23.57313333
315,43.94133333,49.30053333,49.61973333,51.75333333,67.89483333,91.5984,99.338,100,100,99.56466667,90.37453333,77.71573333,65.00043333,47.40213333,71.35203333,53.70213333,42.88293333,53.45013333,56.27703333,51.56853333,45.25173333,44.22693333,41.72373333,46.00773333
316,71.43243333,84.05426667,83.06786667,78.46466667,63.89493333,57.10113333,59.21163333,53.73573333,45.23493333,32.79903333,20.09873333,12.40443333,7.699333333,5.412666667,3.658,1.672,0,0,0,0.3872,0.978666667,3.016,6.514,12.49413333
317,22.65293333,36.31733333,48.12453333,72.47763333,92.49346667,99.60933333,100,100,100,100,100,100,100,100,100,85.47906667,49.19973333,60.25683333,76.21786667,80.98546667,58.82973333,50.00613333,37.66123333,37.61593333
318,34.52043333,28.07273333,32.55743333,41.21973333,25.33963333,38.43133333,53.43333333,52.64373333,83.17746667,90.064,86.1184,94.37813333,99.57066667,99.424,97.4045,88.93146667,28.61633333,10.92093333,7.330666667,3.365333333,2.466666667,5.062666667,10.04463333,14.23293333
319,22.35193333,81.57,98.18146667,84.34653333,88.32866667,97.36646667,99.534,100,99.65333333,88.40173333,80.89413333,82.64773333,84.94933333,55.75443333,35.45663333,41.06853333,53.55093333,16.45233333,9.727233333,5.076666667,2.021333333,2.498666667,5.044,15.05913333
320,24.88663333,22.38633333,30.29243333,30.62463333,38.65783333,50.94693333,74.74893333,81.6796,90.81293333,95.45393333,94.57916667,94.93776667,95.85056667,99.594,100,100,91.68973333,85.44253333,95.68213333,97.13283333,96.85573333,98.14343333,98.1054,99.622
321,100,100,100,100,100,100,100,100,100,100,99.69,99.27356667,99.1812,99.94266667,100,100,100,99.87333333,100,100,100,100,100,99.83733333
322,100,100,100,100,100,100,100,100,100,99.99533333,100,100,100,100,100,99.454,100,100,99.78266667,97.31756667,94.13906667,84.8032,72.05553333,61.18143333
323,77.93493333,76.43706667,76.18133333,75.66986667,54.94533333,40.85013333,26.94023333,19.34193333,12.15603333,3.49,0.848,0.5768,2.632,5.114,16.29753333,38.96853333,23.60753333,45.99093333,67.13103333,79.67026667,84.1456,91.78106667,94.67153333,95.99183333
324,100,100,100,100,100,100,100,100,100,100,100,100,100,100,100,100,98.67046667,97.4697,84.76666667,70.60833333,61.64373333,56.79963333,56.96043333,69.90483333
325,92.73093333,99.52733333,99.42933333,98.2521,99.59066667,100,100,100,100,100,100,100,100,100,99.52466667,99.82266667,99.53933333,36.70993333,33.75033333,17.98313333,15.49773333,24.35813333,51.45093333,94.06843333
326,98.81716667,99.726,99.91133333,99.80533333,100,100,93.92716667,100,100,100,100,100,100,100,100,100,100,100,100,99.62666667,94.51396667,89.04106667,96.16026667,100
327,100,99.73733333,97.31756667,92.53,99.41333333,100,100,100,100,99.72333333,99.76866667,99.85,99.892,99.85133333,99.764,94.03583333,32.24033333,16.47813333,5.599333333,0.5168,1.344,9.471933333,22.17993333,36.25693333
328,58.50813333,86.90386667,99.558,100,100,100,100,100,100,100,100,100,100,100,100,100,71.23143333,74.04543333,85.1868,91.96373333,90.04573333,96.95896667,94.77476667,92.38386667
329,99.48,100,100,99.96933333,98.36076667,98.20863333,96.92093333,94.45963333,92.51173333,95.44306667,95.4485,91.0504,75.01023333,51.92133333,30.62463333,16.90813333,1.498666667,1.682666667,1.781333333,2.338666667,2.152,2.816,3.402666667,6.971333333
330,12.74253333,12.97023333,15.67833333,32.07423333,51.45093333,63.43263333,75.27153333,73.12083333,76.29093333,79.72506667,82.59293333,94.28576667,90.90426667,87.68933333,91.89066667,95.86143333,47.53653333,49.61973333,62.06583333,66.38733333,85.71653333,68.53803333,75.96213333,81.44213333
331,94.62806667,94.25316667,99.54066667,99.514,99.92533333,100,100,99.868,99.792,99.984,99.69266667,100,100,100,100,100,100,100,100,100,100,100,100,100
332,100,100,100,100,100,100,100,100,100,100,100,100,100,100,100,100,100,100,100,100,100,100,100,100
333,100,100,100,100,100,100,100,100,100,99.76466667,98.63786667,98.14886667,96.52973333,91.708,65.10093333,47.82213333,7.816,3.704666667,2.418666667,0.994666667,0.752,0.7184,2.346666667,26.17013333
334,2.76,13.85343333,47.20053333,63.87483333,38.35583333,59.15133333,85.27813333,78.20893333,62.44773333,22.20573333,9.568533333,2.901333333,1.202666667,0.6552,0.768,2.664,2.562666667,10.73463333,30.36793333,61.90503333,77.03986667,87.9268,93.94346667,90.30146667
335,97.49143333,98.50203333,98.51833333,97.39363333,96.182,99.75266667,94.38356667,100,100,100,99.68933333,96.26893333,58.93023333,31.72693333,21.54353333,26.39663333,13.01163333,11.01753333,5.818666667,3.653333333,2.792,2.232,0.5976,0
336,0.1288,0.064,0.324,3.458666667,8.809533333,12.36993333,13.99143333,19.23013333,22.56693333,24.17693333,35.35093333,49.21653333,62.12613333,64.07583333,64.37733333,70.62843333,21.48333333,28.99383333,35.72843333,46.12533333,69.64353333,79.19533333,67.35213333,73.06053333
337,88.38346667,95.693,91.25133333,52.55973333,42.02613333,37.54043333,33.61443333,42.86613333,47.53653333,66.32703333,49.90533333,44.19333333,19.17853333,18.98073333,28.58613333,16.16853333,3.854,0.6832,0.3824,0,0,0,0.2384,0.6096
338,1.288,0.4568,2.874666667,1.296,0.818666667,0.976,9.879033333,10.61043333,20.85553333,35.81903333,54.81093333,94.6335,94.4216,32.31583333,29.80923333,30.35283333,19.04093333,7.853333333,8.857833333,8.616333333,3.16,0.5696,0.1592,0.7464
339,5.478,12.07323333,20.78673333,38.32563333,78.08106667,96.29066667,100,100,100,100,100,100,100,100,100,100,97.88263333,95.03556667,90.52066667,94.32923333,86.15493333,70.08573333,75.49263333,84.54746667
340,100,99.97266667,100,100,100,99.54666667,100,100,100,100,100,100,100,100,99.93,96.5243,67.05063333,36.52873333,28.23883333,17.75093333,7.634,6.985333333,10.23783333,14.58483333
341,60.59853333,84.18213333,96.05703333,93.22413333,94.8291,94.45963333,96.64383333,96.9155,74.86953333,59.31213333,84.1456,96.67643333,74.34693333,52.47573333,22.15413333,7.242,2.741333333,6.868666667,34.03723333,50.37573333,63.69393333,63.29193333,81.11333333,98.24123333
342,99.88533333,99.928,99.93066667,99.90333333,99.64466667,97.04046667,89.44293333,80.45573333,82.26413333,74.58813333,61.58343333,51.13173333,48.72933333,47.68773333,41.48853333,33.96173333,24.97723333,15.72993333,8.367933333,4.204,2.442666667,1.744,3.213333333,8.581833333
343,15.06773333,24.38833333,48.49413333,66.00543333,63.97533333,63.29193333,81.99013333,92.51173333,94.6661,95.8071,96.22546667,96.9318,97.35016667,96.09506667,95.367,76.7476,79.2136,82.30066667,84.23693333,94.20426667,93.37026667,80.60186667,78.79346667,92.78573333
344,100,100,100,100,100,99.80733333,100,100,100,100,100,100,100,100,100,100,92.8588,78.02626667,85.38773333,93.99236667,96.99156667,99.43933333,99.72333333,100
345,100,100,100,100,100,100,100,100,100,100,100,100,100,100,100,100,100,100,99.49333333,98.50746667,74.20623333,49.06533333,28.94853333,34.65633333
346,69.12093333,80.94893333,72.59823333,58.46793333,45.16773333,46.79733333,35.95493333,34.49023333,28.81263333,23.32373333,32.67823333,47.18373333,53.60133333,79.79813333,82.53813333,91.12346667,67.37223333,76.34573333,81.49693333,80.10866667,72.15603333,64.15623333,66.18633333,91.56186667
347,100,100,100,100,100,100,100,100,100,100,100,99.84133333,100,99.658,66.50793333,34.80733333,19.69453333,13.85343333,7.853333333,6.691333333,8.147133333,11.04513333,13.90173333,24.07123333
348,57.16143333,71.29173333,87.28746667,95.09533333,95.14966667,99.07253333,99.744,100,100,99.84733333,95.01926667,85.00413333,68.59833333,78.51946667,15.38593333,17.93153333,25.08293333,25.49063333,28.45023333,38.95173333,44.64693333,42.66453333,47.58693333,51.87093333
349,70.58823333,80.76626667,66.93003333,60.39753333,50.54373333,33.50873333,33.10103333,37.49513333,29.40153333,21.31133333,19.41933333,22.58413333,33.32753333,46.71333333,54.84453333,58.95033333,74.40723333,90.19186667,97.21976667,99.404,99.79866667,100,100,100
350,100,100,100,100,100,100,100,100,100,100,100,100,100,100,100,100,100,100,100,100,100,100,100,100
351,100,100,100,100,100,100,100,100,100,100,100,100,100,87.23266667,96.49713333,99.69266667,100,100,100,100,100,99.80066667,100,100
352,100,100,100,99.46933333,95.56803333,92.98666667,67.43253333,43.05093333,33.64463333,27.19693333,22.00793333,12.59073333,4.488666667,0.909333333,0.0608,0,0.3608,1.496,2.434666667,2.016,2.512,4.358,6.859333333,16.52113333
353,17.63053333,12.14223333,9.665133333,16.74473333,20.01273333,14.72283333,14.95053333,15.01953333,15.24833333,17.06293333,22.89373333,34.91303333,50.25813333,64.96023333,73.22133333,96.36673333,48.84693333,29.52233333,36.06063333,46.15893333,69.06063333,84.9676,85.27813333,99.14316667
354,100,100,100,100,100,100,100,100,100,100,100,100,100,100,100,100,100,52.84533333,29.15993333,14.37093333,3.042666667,0.7072,1.658666667,0.5112
355,0.1736,0.1808,6.868666667,24.62993333,42.59733333,97.21433333,100,100,100,100,100,100,100,100,100,100,100,100,99.60133333,56.59863333,70.32693333,90.37453333,100,100
356,100,100,100,100,100,99.89733333,99.30073333,97.72506667,99.336,95.75276667,83.9812,39.53973333,23.01413333,22.70453333,19.31613333,21.12213333,17.44133333,11.32113333,15.97073333,23.04853333,28.72203333,29.74883333,27.60463333,31.66653333
357,39.80853333,49.95573333,46.25973333,38.26523333,73.88463333,91.41573333,85.93573333,96.73076667,98.36076667,98.5944,97.62183333,99.48,100,100,100,100,97.78483333,99.65733333,99.84333333,99.22466667,99.19206667,94.91603333,93.7356,88.84013333
358,96.06246667,100,100,97.75766667,44.74773333,11.45913333,2.826666667,1.722666667,0.1504,0,0.6584,4.694,14.16393333,24.91683333,37.37433333,35.66803333,38.17463333,12.74253333,19.04093333,28.38983333,37.99343333,48.56133333,47.55333333,69.26163333
359,100,100,100,100,100,100,100,100,100,100,100,100,100,100,100,100,100,100,100,100,100,100,100,100
360,100,100,100,100,100,100,100,100,100,100,100,100,100,100,100,100,100,99.498,83.46973333,54.91173333,37.55553333,19.11833333,10.36203333,12.70113333
361,20.72653333,16.06533333,6.276,0.5608,0.3224,0.3584,1.68,2.914666667,13.75683333,45.08373333,78.3916,99.77,100,100,100,100,100,97.0296,96.87203333,97.02416667,96.29066667,96.8829,99.462,100
362,100,100,100,100,100,100,100,100,100,100,100,100,100,100,100,100,99.44133333,73.52283333,45.53733333,40.37973333,23.57313333,18.86033333,21.24253333,55.69413333
363,74.86953333,58.60863333,45.57093333,97.88263333,98.55093333,99.62066667,99.82466667,99.602,99.778,99.56933333,99.46133333,96.43193333,98.627,99.416,98.43683333,84.93106667,20.78673333,11.79033333,4.166666667,1.696,0.1576,0,0.6808,12.43203333
364,20.62333333,25.46043333,72.23643333,97.59466667,99.912,100,100,100,100,100,100,100,100,100,100,100,100,100,100,100,100,100,100,100
365,20.62333333,25.46043333,72.23643333,97.59466667,99.912,100,100,100,100,100,100,100,100,100,100,100,100,100,100,100,100,100,100,100
